PDF Name,Part Number,Manufacturer,Polarity/Channel Type,Pin Count,Collector-Emitter Voltage (MAX) (Vceo),Collector-Base Voltage (MAX),Emitter-Base Voltage (MAX),Collector Current (MAX),Total Device Dissipation,Storage Temp MIN,Storage Temp MAX,Storage Temp UNIT,DC Current Gain (MIN),Max Frequency,Output Resistance,Collector-Base Capacitance,Base Resistance,done?,
2N3906-D.PDF,2N3906,ON Semiconductor,PNP,3,40 V,40 V,5.0 V,200 mA,625 mW,-55,150,C,30 60 80 100,,,,,x,
2N3906-D.PDF,2N3906G,ON Semiconductor,PNP,3,40 V,40 V,5.0 V,200 mA,625 mW,-55,150,C,30 60 80 100,,,,,x,
2N3906-D.PDF,2N3906RL1,ON Semiconductor,PNP,3,40 V,40 V,5.0 V,200 mA,625 mW,-55,150,C,30 60 80 100,,,,,x,
2N3906-D.PDF,2N3906RL1G,ON Semiconductor,PNP,3,40 V,40 V,5.0 V,200 mA,625 mW,-55,150,C,30 60 80 100,,,,,x,
2N3906-D.PDF,2N3906RLRA,ON Semiconductor,PNP,3,40 V,40 V,5.0 V,200 mA,625 mW,-55,150,C,30 60 80 100,,,,,x,
2N3906-D.PDF,2N3906RLRAG,ON Semiconductor,PNP,3,40 V,40 V,5.0 V,200 mA,625 mW,-55,150,C,30 60 80 100,,,,,x,
2N3906-D.PDF,2N3906RLRM,ON Semiconductor,PNP,3,40 V,40 V,5.0 V,200 mA,625 mW,-55,150,C,30 60 80 100,,,,,x,
2N3906-D.PDF,2N3906RLRMG,ON Semiconductor,PNP,3,40 V,40 V,5.0 V,200 mA,625 mW,-55,150,C,30 60 80 100,,,,,x,
2N3906-D.PDF,2N3906RLRP,ON Semiconductor,PNP,3,40 V,40 V,5.0 V,200 mA,625 mW,-55,150,C,30 60 80 100,,,,,x,
2N3906-D.PDF,2N3906RLRPG,ON Semiconductor,PNP,3,40 V,40 V,5.0 V,200 mA,625 mW,-55,150,C,30 60 80 100,,,,,x,
2N3906.pdf,2N3906,Fairchild,PNP,3,-40 V,-40 V,-5.0 V,-200 mA,625 mW,-55,150,C,30 60 80 100,,,,,x,
2N3906.pdf,2N3906BU,Fairchild,PNP,3,-40 V,-40 V,-5.0 V,-200 mA,625 mW,-55,150,C,30 60 80 100,,,,,x,
2N3906.pdf,2N3906TA,Fairchild,PNP,3,-40 V,-40 V,-5.0 V,-200 mA,625 mW,-55,150,C,30 60 80 100,,,,,x,
2N3906.pdf,2N3906TAR,Fairchild,PNP,3,-40 V,-40 V,-5.0 V,-200 mA,625 mW,-55,150,C,30 60 80 100,,,,,x,
2N3906.pdf,2N3906TF,Fairchild,PNP,3,-40 V,-40 V,-5.0 V,-200 mA,625 mW,-55,150,C,30 60 80 100,,,,,x,
2N3906.pdf,2N3906TFR,Fairchild,PNP,3,-40 V,-40 V,-5.0 V,-200 mA,625 mW,-55,150,C,30 60 80 100,,,,,x,
2N3906.pdf,MMBT3906,Fairchild,PNP,3,-40 V,-40 V,-5.0 V,-200 mA,350 mW,-55,150,C,30 60 80 100,,,,,x,
2N3906.pdf,PZT3906,Fairchild,PNP,4,-40 V,-40 V,-5.0 V,-200 mA,1000 mW,-55,150,C,30 60 80 100,,,,,x,
2N4123-D.PDF,2N4123,ON Semiconductor,NPN,3,30 V,40 V,5.0 V,200 mA,625 mW,-55,150,C,25 50,,,,,x,
2N4123-D.PDF,2N4123RLRM,ON Semiconductor,NPN,3,30 V,40 V,5.0 V,200 mA,625 mW,-55,150,C,25 50,,,,,x,
2N4123-D.PDF,2N4124,ON Semiconductor,NPN,3,25 V,30 V,5.0 V,200 mA,625 mW,-55,150,C,60 120,,,,,x,
2N4123-D.PDF,2N4124G,ON Semiconductor,NPN,3,25 V,30 V,5.0 V,200 mA,625 mW,-55,150,C,60 120,,,,,x,
2N4124.pdf,2N4124,Fairchild,NPN,3,25 V,30 V,5.0 V,200 mA,625 mW,-55,150,C,60 120,,,,,x,
2N4124.pdf,MMBT4124,Fairchild,NPN,3,25 V,30 V,5.0 V,200 mA,350 mW,-55,150,C,60 120,,,,,x,
2N6426-D.PDF,2N6426,ON Semiconductor,NPN,3,40 V,40 V,12.0 V,500  mA,625 mW,-55,150,C,20000 30000,,,,,x,
2N6426-D.PDF,2N6426G,ON Semiconductor,NPN,3,40 V,40 V,12.0 V,500  mA,625 mW,-55,150,C,20000 30000,,,,,x,
2N6426-D.PDF,2N6426RLRAG,ON Semiconductor,NPN,3,40 V,40 V,12.0 V,500  mA,625 mW,-55,150,C,20000 30000,,,,,x,
2N6426-D.PDF,2N6427,ON Semiconductor,NPN,3,40 V,40 V,12.0 V,500 mA,625 mW,-55,150,C,10000 20000 14000,,,,,x,
2N6426-D.PDF,2N6427G,ON Semiconductor,NPN,3,40 V,40 V,12.0 V,500 mA,625 mW,-55,150,C,10000 20000 14000,,,,,x,
2N6426-D.PDF,2N6427RLRAG,ON Semiconductor,NPN,3,40 V,40 V,12.0 V,500 mA,625 mW,-55,150,C,10000 20000 14000,,,,,x,
2N6427.pdf,2N6427,Fairchild,NPN,3,40 V,40 V,12.0 V,1200 mA,625 mW,-55,150,C,10000 20000 14000,,,,,x,
2N6427.pdf,MMBT6427,Fairchild,NPN,3,40 V,40 V,12.0 V,1200 mA,350 mW,-55,150,C,10000 20000 14000,,,,,x,
AUKCS04635-1.pdf,2N3906,AUK,PNP,3,-40 V,-40 V,-5.0 V,-200 mA,625 mW,-55,150,C,100,,,,,x,
BC182-D.PDF,BC182,ON Semiconductor,NPN,3,50 V,60 V,6.0 V,100 mA,350 mW,-55,150,C,40 120 80,,,,,x,
BC182-D.PDF,BC182G,ON Semiconductor,NPN,3,50 V,60 V,6.0 V,100 mA,350 mW,-55,150,C,40 120 80,,,,,x,
BC182-D.PDF,BC182BG,ON Semiconductor,NPN,3,50 V,60 V,6.0 V,100 mA,350 mW,-55,150,C,40 120 80,,,,,x,
BC182-D.PDF,BC182BRL1G,ON Semiconductor,NPN,3,50 V,60 V,6.0 V,100 mA,350 mW,-55,150,C,40 120 80,,,,,x,
BC182-D.PDF,BC182B,ON Semiconductor,NPN,3,50 V,60 V,6.0 V,100 mA,350 mW,-55,150,C,180,,,,,x,
BC182.pdf,BC182,Fairchild,NPN,3,50 V,60 V,6.0 V,100 mA,350 mW,-55,150,C,40 120 80,,,,,x,
BC337-D.PDF,BC337,ON Semiconductor,NPN,3,45 V,50 V,5.0 V,800 mA,625 mW,-55,150,C,100 60,,,,,x,
BC337-D.PDF,BC337G,ON Semiconductor,NPN,3,45 V,50 V,5.0 V,800 mA,625 mW,-55,150,C,100 60,,,,,x,
BC337-D.PDF,BC337RL1G,ON Semiconductor,NPN,3,45 V,50 V,5.0 V,800 mA,625 mW,-55,150,C,100 60,,,,,x,
BC337-D.PDF,BC337-25,ON Semiconductor,NPN,3,45 V,50 V,5.0 V,800 mA,625 mW,-55,150,C,160 60,,,,,x,
BC337-D.PDF,BC337-025G,ON Semiconductor,NPN,3,45 V,50 V,5.0 V,800 mA,625 mW,-55,150,C,160 60,,,,,x,
BC337-D.PDF,BC337-25RL1G,ON Semiconductor,NPN,3,45 V,50 V,5.0 V,800 mA,625 mW,-55,150,C,160 60,,,,,x,
BC337-D.PDF,BC337-25RLRAG,ON Semiconductor,NPN,3,45 V,50 V,5.0 V,800 mA,625 mW,-55,150,C,160 60,,,,,x,
BC337-D.PDF,BC337-25ZL1G,ON Semiconductor,NPN,3,45 V,50 V,5.0 V,800 mA,625 mW,-55,150,C,160 60,,,,,x,
BC337-D.PDF,BC337-40,ON Semiconductor,NPN,3,45 V,50 V,5.0 V,800 mA,625 mW,-55,150,C,250 60,,,,,x,
BC337-D.PDF,BC337-040G,ON Semiconductor,NPN,3,45 V,50 V,5.0 V,800 mA,625 mW,-55,150,C,250 60,,,,,x,
BC337-D.PDF,BC337-40RL1G,ON Semiconductor,NPN,3,45 V,50 V,5.0 V,800 mA,625 mW,-55,150,C,250 60,,,,,x,
BC337-D.PDF,BC337-40ZL1G,ON Semiconductor,NPN,3,45 V,50 V,5.0 V,800 mA,625 mW,-55,150,C,250 60,,,,,x,
BC337.pdf,BC337,Fairchild,NPN,3,45 V,,5.0 V,800 mA,625 mW,-55,150,C,60 100,,,,,x,
BC337.pdf,BC337-16,Fairchild,NPN,3,45 V,,5.0 V,800 mA,625 mW,-55,150,C,60 100,,,,,x,
BC337.pdf,BC337-25,Fairchild,NPN,3,45 V,,5.0 V,800 mA,625 mW,-55,150,C,160 100,,,,,x,
BC337.pdf,BC337-40,Fairchild,NPN,3,45 V,,5.0 V,800 mA,625 mW,-55,150,C,250 170,,,,,x,
BC337.pdf,BC33716BU,Fairchild,NPN,3,45 V,,5.0 V,800 mA,625 mW,-55,150,C,60 100,,,,,x,
BC337.pdf,BC33716TA,Fairchild,NPN,3,45 V,,5.0 V,800 mA,625 mW,-55,150,C,60 100,,,,,x,
BC337.pdf,BC33716TFR,Fairchild,NPN,3,45 V,,5.0 V,800 mA,625 mW,-55,150,C,60 100,,,,,x,
BC337.pdf,BC33725BU,Fairchild,NPN,3,45 V,,5.0 V,800 mA,625 mW,-55,150,C,160 100,,,,,x,
BC337.pdf,BC33725TA,Fairchild,NPN,3,45 V,,5.0 V,800 mA,625 mW,-55,150,C,160 100,,,,,x,
BC337.pdf,BC33725TAR,Fairchild,NPN,3,45 V,,5.0 V,800 mA,625 mW,-55,150,C,160 100,,,,,x,
BC337.pdf,BC33725TF,Fairchild,NPN,3,45 V,,5.0 V,800 mA,625 mW,-55,150,C,160 100,,,,,x,
BC337.pdf,BC33725TFR,Fairchild,NPN,3,45 V,,5.0 V,800 mA,625 mW,-55,150,C,160 100,,,,,x,
BC337.pdf,BC33740TA,Fairchild,NPN,3,45 V,,5.0 V,800 mA,625 mW,-55,150,C,250 170,,,,,x,
BC337.pdf,BC338,Fairchild,NPN,3,25 V,,5.0 V,800 mA,625 mW,-55,150,C,60 100,,,,,x,
BC337.pdf,BC338-25,Fairchild,NPN,3,25 V,,5.0 V,800 mA,625 mW,-55,150,C,160 100,,,,,x,
BC337.pdf,BC33825TA,Fairchild,NPN,3,25 V,,5.0 V,800 mA,625 mW,-55,150,C,160 100,,,,,x,
BC546-BC548C(TO-92).pdf,BC546,MCC,NPN,3,65 V,80 V,6.0 V,100 mA,625 mW,-55,150,C,200,,,,,x,
BC546-BC548C(TO-92).pdf,BC546B,MCC,NPN,3,65 V,80 V,6.0 V,100 mA,625 mW,-55,150,C,200,,,,,x,
BC546-BC548C(TO-92).pdf,BC547,MCC,NPN,3,45 V,50 V,6.0 V,100 mA,625 mW,-55,150,C,110,,,,,x,
BC546-BC548C(TO-92).pdf,BC547A,MCC,NPN,3,45 V,50 V,6.0 V,100 mA,625 mW,-55,150,C,110,,,,,x,
BC546-BC548C(TO-92).pdf,BC547B,MCC,NPN,3,45 V,50 V,6.0 V,100 mA,625 mW,-55,150,C,200,,,,,x,
BC546-BC548C(TO-92).pdf,BC547C,MCC,NPN,3,45 V,50 V,6.0 V,100 mA,625 mW,-55,150,C,420,,,,,x,
BC546-BC548C(TO-92).pdf,BC548,MCC,NPN,3,30 V,30 V,6.0 V,100 mA,625 mW,-55,150,C,110,,,,,x,
BC546-BC548C(TO-92).pdf,BC548A,MCC,NPN,3,30 V,30 V,6.0 V,100 mA,625 mW,-55,150,C,110,,,,,x,
BC546-BC548C(TO-92).pdf,BC548B,MCC,NPN,3,30 V,30 V,6.0 V,100 mA,625 mW,-55,150,C,200,,,,,x,
BC546-BC548C(TO-92).pdf,BC548C,MCC,NPN,3,30 V,30 V,6.0 V,100 mA,625 mW,-55,150,C,420,,,,,x,
bc546-d.pdf,BC546,ON Semiconductor,NPN,3,65 V,80 V,6.0 V,100 mA,625 mW,-55,150,C,110,,,,,x,
bc546-d.pdf,BC546B,ON Semiconductor,NPN,3,65 V,80 V,6.0 V,100 mA,625 mW,-55,150,C,200 110,,,,,x,
bc546-d.pdf,BC546BG,ON Semiconductor,NPN,3,65 V,80 V,6.0 V,100 mA,625 mW,-55,150,C,200 110,,,,,x,
bc546-d.pdf,BC546BRL1,ON Semiconductor,NPN,3,65 V,80 V,6.0 V,100 mA,625 mW,-55,150,C,200 110,,,,,x,
bc546-d.pdf,BC546BRL1G,ON Semiconductor,NPN,3,65 V,80 V,6.0 V,100 mA,625 mW,-55,150,C,200 110,,,,,x,
bc546-d.pdf,BC546BZL1G,ON Semiconductor,NPN,3,65 V,80 V,6.0 V,100 mA,625 mW,-55,150,C,200 110,,,,,x,
bc546-d.pdf,BC547,ON Semiconductor,NPN,3,45 V,50 V,6.0 V,100 mA,625 mW,-55,150,C,110,,,,,x,
bc546-d.pdf,BC547A,ON Semiconductor,NPN,3,45 V,50 V,6.0 V,100 mA,625 mW,-55,150,C,110,,,,,x,
bc546-d.pdf,BC547ARL,ON Semiconductor,NPN,3,45 V,50 V,6.0 V,100 mA,625 mW,-55,150,C,110,,,,,x,
bc546-d.pdf,BC547ARLG,ON Semiconductor,NPN,3,45 V,50 V,6.0 V,100 mA,625 mW,-55,150,C,110,,,,,x,
bc546-d.pdf,BC547AZL1G,ON Semiconductor,NPN,3,45 V,50 V,6.0 V,100 mA,625 mW,-55,150,C,110,,,,,x,
bc546-d.pdf,BC547B,ON Semiconductor,NPN,3,45 V,50 V,6.0 V,100 mA,625 mW,-55,150,C,200 110,,,,,x,
bc546-d.pdf,BC547BG,ON Semiconductor,NPN,3,45 V,50 V,6.0 V,100 mA,625 mW,-55,150,C,200 110,,,,,x,
bc546-d.pdf,BC547BRL1G,ON Semiconductor,NPN,3,45 V,50 V,6.0 V,100 mA,625 mW,-55,150,C,200 110,,,,,x,
bc546-d.pdf,BC547BZL1G,ON Semiconductor,NPN,3,45 V,50 V,6.0 V,100 mA,625 mW,-55,150,C,200 110,,,,,x,
bc546-d.pdf,BC547C,ON Semiconductor,NPN,3,45 V,50 V,6.0 V,100 mA,625 mW,-55,150,C,420 110,,,,,x,
bc546-d.pdf,BC547CG,ON Semiconductor,NPN,3,45 V,50 V,6.0 V,100 mA,625 mW,-55,150,C,420 110,,,,,x,
bc546-d.pdf,BC547CZL1G,ON Semiconductor,NPN,3,45 V,50 V,6.0 V,100 mA,625 mW,-55,150,C,420 110,,,,,x,
bc546-d.pdf,BC548,ON Semiconductor,NPN,3,30 V,30 V,6.0 V,100 mA,625 mW,-55,150,C,110,,,,,x,
bc546-d.pdf,BC548B,ON Semiconductor,NPN,3,30 V,30 V,6.0 V,100 mA,625 mW,-55,150,C,200 110,,,,,x,
bc546-d.pdf,BC548BG,ON Semiconductor,NPN,3,30 V,30 V,6.0 V,100 mA,625 mW,-55,150,C,200 110,,,,,x,
bc546-d.pdf,BC548BRL1G,ON Semiconductor,NPN,3,30 V,30 V,6.0 V,100 mA,625 mW,-55,150,C,200 110,,,,,x,
bc546-d.pdf,BC548BZL1G,ON Semiconductor,NPN,3,30 V,30 V,6.0 V,100 mA,625 mW,-55,150,C,200 110,,,,,x,
bc546-d.pdf,BC548C,ON Semiconductor,NPN,3,30 V,30 V,6.0 V,100 mA,625 mW,-55,150,C,420 110,,,,,x,
bc546-d.pdf,BC548CG,ON Semiconductor,NPN,3,30 V,30 V,6.0 V,100 mA,625 mW,-55,150,C,420 110,,,,,x,
bc546-d.pdf,BC548CZL1G,ON Semiconductor,NPN,3,30 V,30 V,6.0 V,100 mA,625 mW,-55,150,C,420 110,,,,,x,
BC546.pdf,BC546,Fairchild,NPN,3,65 V,80 V,6.0 V,100 mA,500 mW,-65,150,C,110,,,,,x,
BC546.pdf,BC546A,Fairchild,NPN,3,65 V,80 V,6.0 V,100 mA,500 mW,-65,150,C,110,,,,,x,
BC546.pdf,BC546ABU,Fairchild,NPN,3,65 V,80 V,6.0 V,100 mA,500 mW,-65,150,C,110,,,,,x,
BC546.pdf,BC546ATA,Fairchild,NPN,3,65 V,80 V,6.0 V,100 mA,500 mW,-65,150,C,110,,,,,x,
BC546.pdf,BC546B,Fairchild,NPN,3,65 V,80 V,6.0 V,100 mA,500 mW,-65,150,C,110 200,,,,,x,
BC546.pdf,BC546BTA,Fairchild,NPN,3,65 V,80 V,6.0 V,100 mA,500 mW,-65,150,C,110 200,,,,,x,
BC546.pdf,BC546BTF,Fairchild,NPN,3,65 V,80 V,6.0 V,100 mA,500 mW,-65,150,C,110 200,,,,,x,
BC546.pdf,BC546C,Fairchild,NPN,3,65 V,80 V,6.0 V,100 mA,500 mW,-65,150,C,110 420,,,,,x,
BC546.pdf,BC546CTA,Fairchild,NPN,3,65 V,80 V,6.0 V,100 mA,500 mW,-65,150,C,110 420,,,,,x,
BC546.pdf,BC547,Fairchild,NPN,3,45 V,50 V,6.0 V,100 mA,500 mW,-65,150,C,110,,,,,x,
BC546.pdf,BC547A,Fairchild,NPN,3,45 V,50 V,6.0 V,100 mA,500 mW,-65,150,C,110,,,,,x,
BC546.pdf,BC547ATA,Fairchild,NPN,3,45 V,50 V,6.0 V,100 mA,500 mW,-65,150,C,110,,,,,x,
BC546.pdf,BC547B,Fairchild,NPN,3,45 V,50 V,6.0 V,100 mA,500 mW,-65,150,C,110 200,,,,,x,
BC546.pdf,BC547BBU,Fairchild,NPN,3,45 V,50 V,6.0 V,100 mA,500 mW,-65,150,C,110 200,,,,,x,
BC546.pdf,BC547BTA,Fairchild,NPN,3,45 V,50 V,6.0 V,100 mA,500 mW,-65,150,C,110 200,,,,,x,
BC546.pdf,BC547BTF,Fairchild,NPN,3,45 V,50 V,6.0 V,100 mA,500 mW,-65,150,C,110 200,,,,,x,
BC546.pdf,BC547C,Fairchild,NPN,3,45 V,50 V,6.0 V,100 mA,500 mW,-65,150,C,110 420,,,,,x,
BC546.pdf,BC547CBU,Fairchild,NPN,3,45 V,50 V,6.0 V,100 mA,500 mW,-65,150,C,110 420,,,,,x,
BC546.pdf,BC547CTA,Fairchild,NPN,3,45 V,50 V,6.0 V,100 mA,500 mW,-65,150,C,110 420,,,,,x,
BC546.pdf,BC547CTFR,Fairchild,NPN,3,45 V,50 V,6.0 V,100 mA,500 mW,-65,150,C,110 420,,,,,x,
BC546.pdf,BC548,Fairchild,NPN,3,30 V,30 V,5.0 V,100 mA,500 mW,-65,150,C,110,,,,,x,
BC546.pdf,BC548B,Fairchild,NPN,3,30 V,30 V,5.0 V,100 mA,500 mW,-65,150,C,110 200,,,,,x,
BC546.pdf,BC548BU,Fairchild,NPN,3,30 V,30 V,5.0 V,100 mA,500 mW,-65,150,C,110 200,,,,,x,
BC546.pdf,BC548BTA,Fairchild,NPN,3,30 V,30 V,5.0 V,100 mA,500 mW,-65,150,C,110 200,,,,,x,
BC546.pdf,BC548C,Fairchild,NPN,3,30 V,30 V,5.0 V,100 mA,500 mW,-65,150,C,110 420,,,,,x,
BC546.pdf,BC548CTA,Fairchild,NPN,3,30 V,30 V,5.0 V,100 mA,500 mW,-65,150,C,110 420,,,,,x,
BC546.pdf,BC549,Fairchild,NPN,3,30 V,30 V,5.0 V,100 mA,500 mW,-65,150,C,110,,,,,x,
BC546.pdf,BC549B,Fairchild,NPN,3,30 V,30 V,5.0 V,100 mA,500 mW,-65,150,C,110 200,,,,,x,
BC546.pdf,BC549BTA,Fairchild,NPN,3,30 V,30 V,5.0 V,100 mA,500 mW,-65,150,C,110,,,,,x,
BC546.pdf,BC549BTF,Fairchild,NPN,3,30 V,30 V,5.0 V,100 mA,500 mW,-65,150,C,110,,,,,x,
BC546.pdf,BC549C,Fairchild,NPN,3,30 V,30 V,5.0 V,100 mA,500 mW,-65,150,C,110 420,,,,,x,
BC546.pdf,BC549CTA,Fairchild,NPN,3,30 V,30 V,5.0 V,100 mA,500 mW,-65,150,C,110,,,,,x,
BC546.pdf,BC550,Fairchild,NPN,3,45 V,50 V,5.0 V,100 mA,500 mW,-65,150,C,110,,,,,x,
BC546.pdf,BC550C,Fairchild,NPN,3,45 V,50 V,5.0 V,100 mA,500 mW,-65,150,C,420,,,,,x,
BC546.pdf,BC550CBU,Fairchild,NPN,3,45 V,50 V,5.0 V,100 mA,500 mW,-65,150,C,110,,,,,x,
BC546.pdf,BC550CTA,Fairchild,NPN,3,45 V,50 V,5.0 V,100 mA,500 mW,-65,150,C,110,,,,,x,
BC546A_Series_B14-521026.pdf,BC546,Taiwan,NPN,3,65 V,80 V,6.0 V,100 mA,500 mW,-65,150,C,110,,,,,x,
BC546A_Series_B14-521026.pdf,BC546A,Taiwan,NPN,3,65 V,80 V,6.0 V,100 mA,500 mW,-65,150,C,110,,,,,x,
BC546A_Series_B14-521026.pdf,BC546B,Taiwan,NPN,3,65 V,80 V,6.0 V,100 mA,500 mW,-65,150,C,200,,,,,x,
BC546A_Series_B14-521026.pdf,BC546C,Taiwan,NPN,3,65 V,80 V,6.0 V,100 mA,500 mW,-65,150,C,420,,,,,x,
BC546A_Series_B14-521026.pdf,BC547,Taiwan,NPN,3,45 V,50 V,6.0 V,100 mA,500 mW,-65,150,C,110,,,,,x,
BC546A_Series_B14-521026.pdf,BC547A,Taiwan,NPN,3,45 V,50 V,6.0 V,100 mA,500 mW,-65,150,C,110,,,,,x,
BC546A_Series_B14-521026.pdf,BC547B,Taiwan,NPN,3,45 V,50 V,6.0 V,100 mA,500 mW,-65,150,C,200,,,,,x,
BC546A_Series_B14-521026.pdf,BC547C,Taiwan,NPN,3,45 V,50 V,6.0 V,100 mA,500 mW,-65,150,C,420,,,,,x,
BC546A_Series_B14-521026.pdf,BC548,Taiwan,NPN,3,30 V,30 V,6.0 V,100 mA,500 mW,-65,150,C,110,,,,,x,
BC546A_Series_B14-521026.pdf,BC548A,Taiwan,NPN,3,30 V,30 V,6.0 V,100 mA,500 mW,-65,150,C,110,,,,,x,
BC546A_Series_B14-521026.pdf,BC548B,Taiwan,NPN,3,30 V,30 V,6.0 V,100 mA,500 mW,-65,150,C,200,,,,,x,
BC546A_Series_B14-521026.pdf,BC548C,Taiwan,NPN,3,30 V,30 V,6.0 V,100 mA,500 mW,-65,150,C,420,,,,,x,
BC546A_Series_B14-521026.pdf,BC549,Taiwan,NPN,3,30 V,30 V,6.0 V,100 mA,500 mW,-65,150,C,110,,,,,x,
BC546A_Series_B14-521026.pdf,BC549A,Taiwan,NPN,3,30 V,30 V,6.0 V,100 mA,500 mW,-65,150,C,110,,,,,x,
BC546A_Series_B14-521026.pdf,BC549B,Taiwan,NPN,3,30 V,30 V,6.0 V,100 mA,500 mW,-65,150,C,200,,,,,x,
BC546A_Series_B14-521026.pdf,BC549C,Taiwan,NPN,3,30 V,30 V,6.0 V,100 mA,500 mW,-65,150,C,420,,,,,x,
BC546A_Series_B14-521026.pdf,BC550,Taiwan,NPN,3,45 V,50 V,6.0 V,100 mA,500 mW,-65,150,C,110,,,,,x,
BC546A_Series_B14-521026.pdf,BC550A,Taiwan,NPN,3,45 V,50 V,6.0 V,100 mA,500 mW,-65,150,C,110,,,,,x,
BC546A_Series_B14-521026.pdf,BC550B,Taiwan,NPN,3,45 V,50 V,6.0 V,100 mA,500 mW,-65,150,C,200,,,,,x,
BC546A_Series_B14-521026.pdf,BC550C,Taiwan,NPN,3,45 V,50 V,6.0 V,100 mA,500 mW,-65,150,C,420,,,,,x,
BC818-40LT1-D.PDF,BC818-40L,ON Semiconductor,NPN,3,25 V,30 V,5.0 V,500 mA,225 mW,-55,150,C,40 250,,,,,x,
BC818-40LT1-D.PDF,BC818-40LT1G,ON Semiconductor,NPN,3,25 V,30 V,5.0 V,500 mA,225 mW,-55,150,C,40 250,,,,,x,
BC818-40LT1-D.PDF,NSVBC818-40L,ON Semiconductor,NPN,3,25 V,30 V,5.0 V,500 mA,225 mW,-55,150,C,40 250,,,,,x,
BC818-40LT1-D.PDF,NSVBC818-40LT1G,ON Semiconductor,NPN,3,25 V,30 V,5.0 V,500 mA,225 mW,-55,150,C,40 250,,,,,x,
BC818.pdf,BC817,Fairchild,NPN,3,45 V,50 V,5.0 V,800 mA,310 mW,-65,150,C,60 100,,,,,x,
BC818.pdf,BC817-16,Fairchild,NPN,3,45 V,50 V,5.0 V,800 mA,310 mW,-65,150,C,60 100,,,,,x,
BC818.pdf,BC81716MTF,Fairchild,NPN,3,45 V,50 V,5.0 V,800 mA,310 mW,-65,150,C,60 100,,,,,x,
BC818.pdf,BC817-25,Fairchild,NPN,3,45 V,50 V,5.0 V,800 mA,310 mW,-65,150,C,60 100 160,,,,,x,
BC818.pdf,BC81725MTF,Fairchild,NPN,3,45 V,50 V,5.0 V,800 mA,310 mW,-65,150,C,60 100 160,,,,,x,
BC818.pdf,BC817-40,Fairchild,NPN,3,45 V,50 V,5.0 V,800 mA,310 mW,-65,150,C,60 100 250 170,,,,,x,
BC818.pdf,BC81740MTF,Fairchild,NPN,3,45 V,50 V,5.0 V,800 mA,310 mW,-65,150,C,60 100 250 170,,,,,x,
BC818.pdf,BC818,Fairchild,NPN,3,25 V,30 V,5.0 V,800 mA,310 mW,-65,150,C,60 100,,,,,x,
BC818.pdf,BC818-16,Fairchild,NPN,3,25 V,30 V,5.0 V,800 mA,310 mW,-65,150,C,60 100,,,,,x,
BC818.pdf,BC81816MTF,Fairchild,NPN,3,25 V,30 V,5.0 V,800 mA,310 mW,-65,150,C,60 100,,,,,x,
BC818.pdf,BC818-25,Fairchild,NPN,3,25 V,30 V,5.0 V,800 mA,310 mW,-65,150,C,60 100 160,,,,,x,
BC818.pdf,BC81825MTF,Fairchild,NPN,3,25 V,30 V,5.0 V,800 mA,310 mW,-65,150,C,60 100 160,,,,,x,
BC818.pdf,BC818-40,Fairchild,NPN,3,25 V,30 V,5.0 V,800 mA,310 mW,-65,150,C,60 100 250 170,,,,,x,
BC818.pdf,BC81840MTF,Fairchild,NPN,3,25 V,30 V,5.0 V,800 mA,310 mW,-65,150,C,60 100 250 170,,,,,x,
CSEMS02742-1.pdf,BC846,Central,NPN,3,65 V,80 V,5.0 V,100 mA,350 mW,-65,150,C,110,,,,,x,
CSEMS02742-1.pdf,BC846A,Central,NPN,3,65 V,80 V,5.0 V,100 mA,350 mW,-65,150,C,110,,,,,x,
CSEMS02742-1.pdf,BC846B,Central,NPN,3,65 V,80 V,5.0 V,100 mA,350 mW,-65,150,C,200,,,,,x,
CSEMS02742-1.pdf,BC847,Central,NPN,3,45 V,50 V,5.0 V,100 mA,350 mW,-65,150,C,110,,,,,x,
CSEMS02742-1.pdf,BC847A,Central,NPN,3,45 V,50 V,5.0 V,100 mA,350 mW,-65,150,C,110,,,,,x,
CSEMS02742-1.pdf,BC847B,Central,NPN,3,45 V,50 V,5.0 V,100 mA,350 mW,-65,150,C,200,,,,,x,
CSEMS02742-1.pdf,BC847C,Central,NPN,3,45 V,50 V,5.0 V,100 mA,350 mW,-65,150,C,420,,,,,x,
CSEMS02742-1.pdf,BC848,Central,NPN,3,30 V,30 V,5.0 V,100 mA,350 mW,-65,150,C,110,,,,,x,
CSEMS02742-1.pdf,BC848A,Central,NPN,3,30 V,30 V,5.0 V,100 mA,350 mW,-65,150,C,110,,,,,x,
CSEMS02742-1.pdf,BC848B,Central,NPN,3,30 V,30 V,5.0 V,100 mA,350 mW,-65,150,C,200,,,,,x,
CSEMS02742-1.pdf,BC848C,Central,NPN,3,30 V,30 V,5.0 V,100 mA,350 mW,-65,150,C,420,,,,,x,
CSEMS03485-1.pdf,2N3905,Central,PNP,3,40 V,40 V,5.0 V,200 mA,625 mW,-65,150,C,15 30 40 50,,,,,x,
CSEMS03485-1.pdf,2N3906,Central,PNP,3,40 V,40 V,5.0 V,200 mA,625 mW,-65,150,C,15 30 40 50,,,,,x,
CSEMS05382-1.pdf,BC546,Central,NPN,3,65 V,80 V,6.0 V,100 mA,500 mW,-65,150,C,110,,,,,x,
CSEMS05382-1.pdf,BC546A,Central,NPN,3,65 V,80 V,6.0 V,100 mA,500 mW,-65,150,C,110,,,,,x,
CSEMS05382-1.pdf,BC546B,Central,NPN,3,65 V,80 V,6.0 V,100 mA,500 mW,-65,150,C,200,,,,,x,
CSEMS05382-1.pdf,BC547,Central,NPN,3,45 V,50 V,6.0 V,100 mA,500 mW,-65,150,C,110,,,,,x,
CSEMS05382-1.pdf,BC547A,Central,NPN,3,45 V,50 V,6.0 V,100 mA,500 mW,-65,150,C,110,,,,,x,
CSEMS05382-1.pdf,BC547B,Central,NPN,3,45 V,50 V,6.0 V,100 mA,500 mW,-65,150,C,200,,,,,x,
CSEMS05382-1.pdf,BC547C,Central,NPN,3,45 V,50 V,6.0 V,100 mA,500 mW,-65,150,C,420,,,,,x,
CSEMS05382-1.pdf,BC548,Central,NPN,3,30 V,30 V,5.0 V,100 mA,500 mW,-65,150,C,110,,,,,x,
CSEMS05382-1.pdf,BC548A,Central,NPN,3,30 V,30 V,5.0 V,100 mA,500 mW,-65,150,C,110,,,,,x,
CSEMS05382-1.pdf,BC548B,Central,NPN,3,30 V,30 V,5.0 V,100 mA,500 mW,-65,150,C,200,,,,,x,
CSEMS05382-1.pdf,BC548C,Central,NPN,3,30 V,30 V,5.0 V,100 mA,500 mW,-65,150,C,420,,,,,x,
CSEMS05383-1.pdf,BC817,Central,NPN,3,45 V,50 V,5.0 V,500 mA,350 mW,-65,150,C,100,,,,,x,
CSEMS05383-1.pdf,BC817-16,Central,NPN,3,45 V,50 V,5.0 V,500 mA,350 mW,-65,150,C,100,,,,,x,
CSEMS05383-1.pdf,BC817-25,Central,NPN,3,45 V,50 V,5.0 V,500 mA,350 mW,-65,150,C,160,,,,,x,
CSEMS05383-1.pdf,BC817-40,Central,NPN,3,45 V,50 V,5.0 V,500 mA,350 mW,-65,150,C,250,,,,,x,
CSEMS05383-1.pdf,BC818,Central,NPN,3,25 V,30 V,5.0 V,500 mA,350 mW,-65,150,C,100,,,,,x,
CSEMS05383-1.pdf,BC818-16,Central,NPN,3,25 V,30 V,5.0 V,500 mA,350 mW,-65,150,C,100,,,,,x,
CSEMS05383-1.pdf,BC818-25,Central,NPN,3,25 V,30 V,5.0 V,500 mA,350 mW,-65,150,C,160,,,,,x,
CSEMS05383-1.pdf,BC818-40,Central,NPN,3,25 V,30 V,5.0 V,500 mA,350 mW,-65,150,C,250,,,,,x,
DIODS00215-1.pdf,2N4124,Diodes Incorporated,NPN,3,25 V,30 V,5.0 V,200 mA,625 mW,-65,150,C,120,,,,,x,
DIODS13249-1.pdf,BC817,Diodes Incorporated,NPN,3,45 V,50 V,5.0 V,500 mA,330 mW,-55,150,C,40 100,,,,,x,
DIODS13249-1.pdf,BC817-16,Diodes Incorporated,NPN,3,45 V,50 V,5.0 V,500 mA,330 mW,-55,150,C,100,,,,,x,
DIODS13249-1.pdf,BC817-25,Diodes Incorporated,NPN,3,45 V,50 V,5.0 V,500 mA,330 mW,-55,150,C,160,,,,,x,
DIODS13249-1.pdf,BC817-40,Diodes Incorporated,NPN,3,45 V,50 V,5.0 V,500 mA,330 mW,-55,150,C,250,,,,,x,
DIODS13249-1.pdf,BC818,Diodes Incorporated,NPN,3,25 V,30 V,5.0 V,500 mA,330 mW,-55,150,C,40 100,,,,,x,
DIODS13249-1.pdf,BC818-16,Diodes Incorporated,NPN,3,25 V,30 V,5.0 V,500 mA,330 mW,-55,150,C,100,,,,,x,
DIODS13249-1.pdf,BC818-25,Diodes Incorporated,NPN,3,25 V,30 V,5.0 V,500 mA,330 mW,-55,150,C,160,,,,,x,
DIODS13249-1.pdf,BC818-40,Diodes Incorporated,NPN,3,25 V,30 V,5.0 V,500 mA,330 mW,-55,150,C,250,,,,,x,
DISES00023-1.pdf,2N3906,Diotec,PNP,3,40 V,40 V,5.0 V,200 mA,625 mW,-55,150,C,30 60 80 100,,,,,x,
DISES00189-1.pdf,BC546,Diotec,NPN,3,65 V,80 V,5.0 V,100 mA,500 mW,-55,150,C,110,,,,,x,
DISES00189-1.pdf,BC546A,Diotec,NPN,3,65 V,80 V,5.0 V,100 mA,500 mW,-55,150,C,110,,,,,x,
DISES00189-1.pdf,BC546B,Diotec,NPN,3,65 V,80 V,5.0 V,100 mA,500 mW,-55,150,C,200,,,,,x,
DISES00189-1.pdf,BC547,Diotec,NPN,3,45 V,50 V,5.0 V,100 mA,500 mW,-55,150,C,110,,,,,x,
DISES00189-1.pdf,BC547A,Diotec,NPN,3,45 V,50 V,5.0 V,100 mA,500 mW,-55,150,C,110,,,,,x,
DISES00189-1.pdf,BC547B,Diotec,NPN,3,45 V,50 V,5.0 V,100 mA,500 mW,-55,150,C,200,,,,,x,
DISES00189-1.pdf,BC547C,Diotec,NPN,3,45 V,50 V,5.0 V,100 mA,500 mW,-55,150,C,420,,,,,x,
DISES00189-1.pdf,BC548,Diotec,NPN,3,30 V,30 V,5.0 V,100 mA,500 mW,-55,150,C,110,,,,,x,
DISES00189-1.pdf,BC548A,Diotec,NPN,3,30 V,30 V,5.0 V,100 mA,500 mW,-55,150,C,110,,,,,x,
DISES00189-1.pdf,BC548B,Diotec,NPN,3,30 V,30 V,5.0 V,100 mA,500 mW,-55,150,C,200,,,,,x,
DISES00189-1.pdf,BC548C,Diotec,NPN,3,30 V,30 V,5.0 V,100 mA,500 mW,-55,150,C,420,,,,,x,
DISES00189-1.pdf,BC549B,Diotec,NPN,3,30 V,30 V,5.0 V,100 mA,500 mW,-55,150,C,200,,,,,x,
DISES00189-1.pdf,BC549,Diotec,NPN,3,30 V,30 V,5.0 V,100 mA,500 mW,-55,150,C,420,,,,,x,
DISES00189-1.pdf,BC549C,Diotec,NPN,3,30 V,30 V,5.0 V,100 mA,500 mW,-55,150,C,420,,,,,x,
DISES00192-1.pdf,BC807,Diotec,PNP,3,45 V,,5.0 V,800 mA,310 mW,-55,150,C,40 100,,,,,x,
DISES00192-1.pdf,BC807-16,Diotec,PNP,3,45 V,,5.0 V,800 mA,310 mW,-55,150,C,40 100,,,,,x,
DISES00192-1.pdf,BC807-25,Diotec,PNP,3,45 V,,5.0 V,800 mA,310 mW,-55,150,C,40 160,,,,,x,
DISES00192-1.pdf,BC807-40,Diotec,PNP,3,45 V,,5.0 V,800 mA,310 mW,-55,150,C,40 250,,,,,x,
DISES00192-1.pdf,BC808,Diotec,PNP,3,25 V,,5.0 V,800 mA,310 mW,-55,150,C,40 100,,,,,x,
DISES00192-1.pdf,BC808-16,Diotec,PNP,3,25 V,,5.0 V,800 mA,310 mW,-55,150,C,40 100,,,,,x,
DISES00192-1.pdf,BC808-25,Diotec,PNP,3,25 V,,5.0 V,800 mA,310 mW,-55,150,C,40 160,,,,,x,
DISES00192-1.pdf,BC808-40,Diotec,PNP,3,25 V,,5.0 V,800 mA,310 mW,-55,150,C,40 250,,,,,x,
DISES00242-1.pdf,MMBT3904,Diotec,NPN,3,40 V,60 V,6.0 V,200 mA,350 mW,-55,150,C,30 40 60 80 100,,,,,x,
DISES00490-1.pdf,BC846W,Diotec,NPN,3,65 V,80 V,6.0 V,100 mA,200 mW,-55,150,C,110,,,,,x,
DISES00490-1.pdf,BC846AW,Diotec,NPN,3,65 V,80 V,6.0 V,100 mA,200 mW,-55,150,C,110,,,,,x,
DISES00490-1.pdf,BC846BW,Diotec,NPN,3,65 V,80 V,6.0 V,100 mA,200 mW,-55,150,C,200,,,,,x,
DISES00490-1.pdf,BC847W,Diotec,NPN,3,45 V,50 V,6.0 V,100 mA,200 mW,-55,150,C,110,,,,,x,
DISES00490-1.pdf,BC847AW,Diotec,NPN,3,45 V,50 V,6.0 V,100 mA,200 mW,-55,150,C,110,,,,,x,
DISES00490-1.pdf,BC847BW,Diotec,NPN,3,45 V,50 V,6.0 V,100 mA,200 mW,-55,150,C,200,,,,,x,
DISES00490-1.pdf,BC847CW,Diotec,NPN,3,45 V,50 V,6.0 V,100 mA,200 mW,-55,150,C,420,,,,,x,
DISES00490-1.pdf,BC848W,Diotec,NPN,3,30 V,30 V,6.0 V,100 mA,200 mW,-55,150,C,110,,,,,x,
DISES00490-1.pdf,BC848AW,Diotec,NPN,3,30 V,30 V,6.0 V,100 mA,200 mW,-55,150,C,110,,,,,x,
DISES00490-1.pdf,BC848BW,Diotec,NPN,3,30 V,30 V,6.0 V,100 mA,200 mW,-55,150,C,200,,,,,x,
DISES00490-1.pdf,BC848CW,Diotec,NPN,3,30 V,30 V,6.0 V,100 mA,200 mW,-55,150,C,420,,,,,x,
DISES00490-1.pdf,BC849W,Diotec,NPN,3,30 V,30 V,6.0 V,100 mA,200 mW,-55,150,C,200,,,,,x,
DISES00490-1.pdf,BC849BW,Diotec,NPN,3,30 V,30 V,6.0 V,100 mA,200 mW,-55,150,C,200,,,,,x,
DISES00490-1.pdf,BC849CW,Diotec,NPN,3,30 V,30 V,6.0 V,100 mA,200 mW,-55,150,C,420,,,,,x,
DISES00616-1.pdf,BC856,Diotec,PNP,3,65 V,80 V,5.0 V,100 mA,250 mW,-55,150,C,125,,,,,x,
DISES00616-1.pdf,BC856A,Diotec,PNP,3,65 V,80 V,5.0 V,100 mA,250 mW,-55,150,C,125,,,,,x,
DISES00616-1.pdf,BC856B,Diotec,PNP,3,65 V,80 V,5.0 V,100 mA,250 mW,-55,150,C,220,,,,,x,
DISES00616-1.pdf,BC856C,Diotec,PNP,3,65 V,80 V,5.0 V,100 mA,250 mW,-55,150,C,420,,,,,x,
DISES00616-1.pdf,BC857,Diotec,PNP,3,45 V,50 V,5.0 V,100 mA,250 mW,-55,150,C,125,,,,,x,
DISES00616-1.pdf,BC857A,Diotec,PNP,3,45 V,50 V,5.0 V,100 mA,250 mW,-55,150,C,125,,,,,x,
DISES00616-1.pdf,BC857B,Diotec,PNP,3,45 V,50 V,5.0 V,100 mA,250 mW,-55,150,C,220,,,,,x,
DISES00616-1.pdf,BC857C,Diotec,PNP,3,45 V,50 V,5.0 V,100 mA,250 mW,-55,150,C,420,,,,,x,
DISES00616-1.pdf,BC858,Diotec,PNP,3,30 V,30 V,5.0 V,100 mA,250 mW,-55,150,C,125,,,,,x,
DISES00616-1.pdf,BC858A,Diotec,PNP,3,30 V,30 V,5.0 V,100 mA,250 mW,-55,150,C,125,,,,,x,
DISES00616-1.pdf,BC858B,Diotec,PNP,3,30 V,30 V,5.0 V,100 mA,250 mW,-55,150,C,220,,,,,x,
DISES00616-1.pdf,BC858C,Diotec,PNP,3,30 V,30 V,5.0 V,100 mA,250 mW,-55,150,C,420,,,,,x,
DISES00616-1.pdf,BC859,Diotec,PNP,3,30 V,30 V,5.0 V,100 mA,250 mW,-55,150,C,220,,,,,x,
DISES00616-1.pdf,BC859B,Diotec,PNP,3,30 V,30 V,5.0 V,100 mA,250 mW,-55,150,C,220,,,,,x,
DISES00616-1.pdf,BC859C,Diotec,PNP,3,30 V,30 V,5.0 V,100 mA,250 mW,-55,150,C,420,,,,,x,
DISES00616-1.pdf,BC860,Diotec,PNP,3,45 V,50 V,5.0 V,100 mA,250 mW,-55,150,C,220,,,,,x,
DISES00616-1.pdf,BC860B,Diotec,PNP,3,45 V,50 V,5.0 V,100 mA,250 mW,-55,150,C,220,,,,,x,
DISES00616-1.pdf,BC860C,Diotec,PNP,3,45 V,50 V,5.0 V,100 mA,250 mW,-55,150,C,420,,,,,x,
DISES00645-1.pdf,BC817K,Diotec,NPN,3,45 V,50 V,5.0 V,500 mA,500 mW,-55,150,C,40 100,,,,,x,
DISES00645-1.pdf,BC817K-16,Diotec,NPN,3,45 V,50 V,5.0 V,500 mA,500 mW,-55,150,C,40 100,,,,,x,
DISES00645-1.pdf,BC817K-25,Diotec,NPN,3,45 V,50 V,5.0 V,500 mA,500 mW,-55,150,C,40 160,,,,,x,
DISES00645-1.pdf,BC817K-40,Diotec,NPN,3,45 V,50 V,5.0 V,500 mA,500 mW,-55,150,C,40 250,,,,,x,
DISES00645-1.pdf,BC818K,Diotec,NPN,3,25 V,30 V,5.0 V,500 mA,500 mW,-55,150,C,40 100,,,,,x,
DISES00645-1.pdf,BC818K-16,Diotec,NPN,3,25 V,30 V,5.0 V,500 mA,500 mW,-55,150,C,40 100,,,,,x,
DISES00645-1.pdf,BC818K-25,Diotec,NPN,3,25 V,30 V,5.0 V,500 mA,500 mW,-55,150,C,40 160,,,,,x,
DISES00645-1.pdf,BC818K-40,Diotec,NPN,3,25 V,30 V,5.0 V,500 mA,500 mW,-55,150,C,40 250,,,,,x,
dtc114w.pdf,DTC114W,Rohm,NPN,3,,,,100 mA,150 mW,-55,150,C,24,,,,,x,
dtc114w.pdf,DTC114WE,Rohm,NPN,3,,,,100 mA,150 mW,-55,150,C,24,,,,,x,
dtc114w.pdf,DTC114WKA,Rohm,NPN,3,,,,100 mA,200 mW,-55,150,C,24,,,,,x,
dtc114w.pdf,DTC114WUA,Rohm,NPN,3,,,,100 mA,200 mW,-55,150,C,24,,,,,x,
FAIRS19194-1.pdf,BC856,Fairchild,PNP,3,-65 V,-80 V,-5.0 V,-100 mA,310 mW,-65,150,C,110,,,,,x,
FAIRS19194-1.pdf,BC856A,Fairchild,PNP,3,-65 V,-80 V,-5.0 V,-100 mA,310 mW,-65,150,C,110,,,,,x,
FAIRS19194-1.pdf,BC856B,Fairchild,PNP,3,-65 V,-80 V,-5.0 V,-100 mA,310 mW,-65,150,C,110 200,,,,,x,
FAIRS19194-1.pdf,BC856C,Fairchild,PNP,3,-65 V,-80 V,-5.0 V,-100 mA,310 mW,-65,150,C,110 420,,,,,x,
FAIRS19194-1.pdf,BC857,Fairchild,PNP,3,-45 V,-50 V,-5.0 V,-100 mA,310 mW,-65,150,C,110,,,,,x,
FAIRS19194-1.pdf,BC857A,Fairchild,PNP,3,-45 V,-50 V,-5.0 V,-100 mA,310 mW,-65,150,C,110,,,,,x,
FAIRS19194-1.pdf,BC857B,Fairchild,PNP,3,-45 V,-50 V,-5.0 V,-100 mA,310 mW,-65,150,C,110 200,,,,,x,
FAIRS19194-1.pdf,BC857C,Fairchild,PNP,3,-45 V,-50 V,-5.0 V,-100 mA,310 mW,-65,150,C,110 420,,,,,x,
FAIRS19194-1.pdf,BC858,Fairchild,PNP,3,-30 V,-30 V,-5.0 V,-100 mA,310 mW,-65,150,C,110,,,,,x,
FAIRS19194-1.pdf,BC858A,Fairchild,PNP,3,-30 V,-30 V,-5.0 V,-100 mA,310 mW,-65,150,C,110,,,,,x,
FAIRS19194-1.pdf,BC858B,Fairchild,PNP,3,-30 V,-30 V,-5.0 V,-100 mA,310 mW,-65,150,C,110 200,,,,,x,
FAIRS19194-1.pdf,BC858C,Fairchild,PNP,3,-30 V,-30 V,-5.0 V,-100 mA,310 mW,-65,150,C,110 420,,,,,x,
FAIRS19194-1.pdf,BC859,Fairchild,PNP,3,-30 V,-30 V,-5.0 V,-100 mA,310 mW,-65,150,C,110,,,,,x,
FAIRS19194-1.pdf,BC859A,Fairchild,PNP,3,-30 V,-30 V,-5.0 V,-100 mA,310 mW,-65,150,C,110,,,,,x,
FAIRS19194-1.pdf,BC859B,Fairchild,PNP,3,-30 V,-30 V,-5.0 V,-100 mA,310 mW,-65,150,C,110 200,,,,,x,
FAIRS19194-1.pdf,BC859C,Fairchild,PNP,3,-30 V,-30 V,-5.0 V,-100 mA,310 mW,-65,150,C,110 420,,,,,x,
FAIRS19194-1.pdf,BC860,Fairchild,PNP,3,-45 V,-50 V,-5.0 V,-100 mA,310 mW,-65,150,C,110,,,,,x,
FAIRS19194-1.pdf,BC860A,Fairchild,PNP,3,-45 V,-50 V,-5.0 V,-100 mA,310 mW,-65,150,C,110,,,,,x,
FAIRS19194-1.pdf,BC860B,Fairchild,PNP,3,-45 V,-50 V,-5.0 V,-100 mA,310 mW,-65,150,C,110 200,,,,,x,
FAIRS19194-1.pdf,BC860C,Fairchild,PNP,3,-45 V,-50 V,-5.0 V,-100 mA,310 mW,-65,150,C,110 420,,,,,x,
FAIRS25065-1.pdf,BC237,Fairchild,NPN,3,50 V,,6.0 V,100 mA,500 mW,-55,150,C,120,,,,,x,
FAIRS25065-1.pdf,BC237A,Fairchild,NPN,3,50 V,,6.0 V,100 mA,500 mW,-55,150,C,120,,,,,x,
FAIRS25065-1.pdf,BC237B,Fairchild,NPN,3,50 V,,6.0 V,100 mA,500 mW,-55,150,C,120 180,,,,,x,
FAIRS25065-1.pdf,BC237C,Fairchild,NPN,3,50 V,,6.0 V,100 mA,500 mW,-55,150,C,120 380,,,,,x,
FAIRS25065-1.pdf,BC238,Fairchild,NPN,3,30 V,,5.0 V,100 mA,500 mW,-55,150,C,120,,,,,x,
FAIRS25065-1.pdf,BC238A,Fairchild,NPN,3,30 V,,5.0 V,100 mA,500 mW,-55,150,C,120,,,,,x,
FAIRS25065-1.pdf,BC238B,Fairchild,NPN,3,30 V,,5.0 V,100 mA,500 mW,-55,150,C,120 180,,,,,x,
FAIRS25065-1.pdf,BC238C,Fairchild,NPN,3,30 V,,5.0 V,100 mA,500 mW,-55,150,C,120 380,,,,,x,
FAIRS25065-1.pdf,BC239,Fairchild,NPN,3,30 V,,5.0 V,100 mA,500 mW,-55,150,C,120,,,,,x,
FAIRS25065-1.pdf,BC239A,Fairchild,NPN,3,30 V,,5.0 V,100 mA,500 mW,-55,150,C,120,,,,,x,
FAIRS25065-1.pdf,BC239B,Fairchild,NPN,3,30 V,,5.0 V,100 mA,500 mW,-55,150,C,120 180,,,,,x,
FAIRS25065-1.pdf,BC239C,Fairchild,NPN,3,30 V,,5.0 V,100 mA,500 mW,-55,150,C,120 380,,,,,x,
Infineon-BC817KSERIES_BC818KSERIES-DS-v01_01-en.pdf,BC817K,Infineon,NPN,3,45 V,50 V,5.0 V,500 mA,500 mW,-65,150,C,40 100,,,,,x,
Infineon-BC817KSERIES_BC818KSERIES-DS-v01_01-en.pdf,BC817KW,Infineon,NPN,3,45 V,50 V,5.0 V,500 mA,500 mW,-65,150,C,40 100,,,,,x,
Infineon-BC817KSERIES_BC818KSERIES-DS-v01_01-en.pdf,BC817K-16,Infineon,NPN,3,45 V,50 V,5.0 V,500 mA,500 mW,-65,150,C,40 100,,,,,x,
Infineon-BC817KSERIES_BC818KSERIES-DS-v01_01-en.pdf,BC817K-16W,Infineon,NPN,3,45 V ,50 V,5.0 V,500 mA,250 mW,-65,150,C,40 100,,,,,x,
Infineon-BC817KSERIES_BC818KSERIES-DS-v01_01-en.pdf,BC817K-25,Infineon,NPN,3,45 V,50 V,5.0 V,500 mA,500 mW,-65,150,C,40 160,,,,,x,
Infineon-BC817KSERIES_BC818KSERIES-DS-v01_01-en.pdf,BC817K-25W,Infineon,NPN,3,45 V,50 V,5.0 V,500 mA,250 mW,-65,150,C,40 160,,,,,x,
Infineon-BC817KSERIES_BC818KSERIES-DS-v01_01-en.pdf,BC817K-40,Infineon,NPN,3,45 V,50 V,5.0 V,500 mA,500 mW,-65,150,C,40 250,,,,,x,
Infineon-BC817KSERIES_BC818KSERIES-DS-v01_01-en.pdf,BC817K-40W,Infineon,NPN,3,45 V,50 V,5.0 V,500 mA,250 mW,-65,150,C,40 250,,,,,x,
Infineon-BC817KSERIES_BC818KSERIES-DS-v01_01-en.pdf,BC818K,Infineon,NPN,3,25 V,30 V,5.0 V,500 mA,250 mW,-65,150,C,40 100,,,,,x,
Infineon-BC817KSERIES_BC818KSERIES-DS-v01_01-en.pdf,BC818KW,Infineon,NPN,3,25 V,30 V,5.0 V,500 mA,250 mW,-65,150,C,40 100,,,,,x,
Infineon-BC817KSERIES_BC818KSERIES-DS-v01_01-en.pdf,BC818K-16W,Infineon,NPN,3,25 V,30 V,5.0 V,500 mA,250 mW,-65,150,C,40 100,,,,,x,
Infineon-BC817KSERIES_BC818KSERIES-DS-v01_01-en.pdf,BC818K-40,Infineon,NPN,3,25 V,30 V,5.0 V,100 mA,500 mW,-65,150,C,40 250,,,,,x,
Infineon-BC857SERIES_BC858SERIES_BC859SERIES_BC860SERIES-DS-v01_01-en.pdf,BC857,Infineon,PNP,3,45 V,50 V,5.0 V,100 mA,330 mW,-65,150,C,125,,,,,x,
Infineon-BC857SERIES_BC858SERIES_BC859SERIES_BC860SERIES-DS-v01_01-en.pdf,BC857A,Infineon,PNP,3,45 V,50 V,5.0 V,100 mA,330 mW,-65,150,C,125,,,,,x,
Infineon-BC857SERIES_BC858SERIES_BC859SERIES_BC860SERIES-DS-v01_01-en.pdf,BC857B,Infineon,PNP,3,45 V,50 V,5.0 V,100 mA,330 mW,-65,150,C,220,,,,,x,
Infineon-BC857SERIES_BC858SERIES_BC859SERIES_BC860SERIES-DS-v01_01-en.pdf,BC857BL3,Infineon,PNP,3,45 V,50 V,5.0 V,100 mA,250 mW,-65,150,C,220,,,,,x,
Infineon-BC857SERIES_BC858SERIES_BC859SERIES_BC860SERIES-DS-v01_01-en.pdf,BC857BW,Infineon,PNP,3,45 V,50 V,5.0 V,100 mA,250 mW,-65,150,C,220,,,,,x,
Infineon-BC857SERIES_BC858SERIES_BC859SERIES_BC860SERIES-DS-v01_01-en.pdf,BC857C,Infineon,PNP,3,45 V,50 V,5.0 V,100 mA,330 mW,-65,150,C,420,,,,,x,
Infineon-BC857SERIES_BC858SERIES_BC859SERIES_BC860SERIES-DS-v01_01-en.pdf,BC857CW,Infineon,PNP,3,45 V,50 V,5.0 V,100 mA,250 mW,-65,150,C,420,,,,,x,
Infineon-BC857SERIES_BC858SERIES_BC859SERIES_BC860SERIES-DS-v01_01-en.pdf,BC858,Infineon,PNP,3,30 V,30 V,5.0 V,100 mA,330 mW,-65,150,C,125,,,,,x,
Infineon-BC857SERIES_BC858SERIES_BC859SERIES_BC860SERIES-DS-v01_01-en.pdf,BC858A,Infineon,PNP,3,30 V,30 V,5.0 V,100 mA,330 mW,-65,150,C,125,,,,,x,
Infineon-BC857SERIES_BC858SERIES_BC859SERIES_BC860SERIES-DS-v01_01-en.pdf,BC858B,Infineon,PNP,3,30 V,30 V,5.0 V,100 mA,330 mW,-65,150,C,220,,,,,x,
Infineon-BC857SERIES_BC858SERIES_BC859SERIES_BC860SERIES-DS-v01_01-en.pdf,BC858BW,Infineon,PNP,3,30 V,30 V,5.0 V,100 mA,250 mW,-65,150,C,220,,,,,x,
Infineon-BC857SERIES_BC858SERIES_BC859SERIES_BC860SERIES-DS-v01_01-en.pdf,BC858C,Infineon,PNP,3,30 V,30 V,5.0 V,100 mA,330 mW,-65,150,C,420,,,,,x,
Infineon-BC857SERIES_BC858SERIES_BC859SERIES_BC860SERIES-DS-v01_01-en.pdf,BC858CW,Infineon,PNP,3,30 V,30 V,5.0 V,100 mA,250 mW,-65,150,C,420,,,,,x,
Infineon-BC857SERIES_BC858SERIES_BC859SERIES_BC860SERIES-DS-v01_01-en.pdf,BC859,Infineon,PNP,3,30 V,30 V,5.0 V,100 mA,330 mW,-65,150,C,420,,,,,x,
Infineon-BC857SERIES_BC858SERIES_BC859SERIES_BC860SERIES-DS-v01_01-en.pdf,BC859C,Infineon,PNP,3,30 V,30 V,5.0 V,100 mA,330 mW,-65,150,C,420,,,,,x,
Infineon-BC857SERIES_BC858SERIES_BC859SERIES_BC860SERIES-DS-v01_01-en.pdf,BC860,Infineon,PNP,3,45 V,50 V,5.0 V,100 mA,330 mW,-65,150,C,220,,,,,x,
Infineon-BC857SERIES_BC858SERIES_BC859SERIES_BC860SERIES-DS-v01_01-en.pdf,BC860B,Infineon,PNP,3,45 V,50 V,5.0 V,100 mA,330 mW,-65,150,C,220,,,,,x,
Infineon-BC857SERIES_BC858SERIES_BC859SERIES_BC860SERIES-DS-v01_01-en.pdf,BC860BW,Infineon,PNP,3,45 V,50 V,5.0 V,100 mA,250 mW,-65,150,C,220,,,,,x,
Infineon-BC857SERIES_BC858SERIES_BC859SERIES_BC860SERIES-DS-v01_01-en.pdf,BC860CW,Infineon,PNP,3,45 V,50 V,5.0 V,100 mA,250 mW,-65,150,C,420,,,,,x,
INFNS19372-1.pdf,MMBT3904,Infineon,NPN,3,40 V,60 V,6.0 V,200 mA,330 mW,-65,150,C,30 40 60 70 100,,,,,x,
INFNS19372-1.pdf,SMBT3904,Infineon,NPN,3,40 V,60 V,6.0 V,200 mA,330 mW,-65,150,C,30 40 60 70 100,,,,,x,
INFNS19372-1.pdf,SMBT3904S,Infineon,NPN,6,40 V,60 V,6.0 V,200 mA,250 mW,-65,150,C,30 40 60 70 100,,,,,x,
JCSTS01155-1.pdf,2N4124,JCST,NPN,3,25 V,30 V,5.0 V,200 mA,350 mW,-55,150,C,60 120,,,,,x,
KECCS03676-1.pdf,BC856,KEC,PNP,3,-65 V,-80 V,-5.0 V,-100 mA,350 mW,-55,150,C,125,,,,,x,
KECCS03676-1.pdf,BC856A,KEC,PNP,3,-65 V,-80 V,-5.0 V,-100 mA,350 mW,-55,150,C,125,,,,,x,
KECCS03676-1.pdf,BC856B,KEC,PNP,3,-65 V,-80 V,-5.0 V,-100 mA,350 mW,-55,150,C,125 220,,,,,x,
KECCS03676-1.pdf,BC857,KEC,PNP,3,-45 V,-50 V,-5.0 V,-100 mA,350 mW,-55,150,C,125,,,,,x,
KECCS03676-1.pdf,BC857A,KEC,PNP,3,-45 V,-50 V,-5.0 V,-100 mA,350 mW,-55,150,C,125,,,,,x,
KECCS03676-1.pdf,BC857B,KEC,PNP,3,-45 V,-50 V,-5.0 V,-100 mA,350 mW,-55,150,C,125 220,,,,,x,
KECCS03676-1.pdf,BC857C,KEC,PNP,3,-45 V,-50 V,-5.0 V,-100 mA,350 mW,-55,150,C,125 420,,,,,x,
KECCS03676-1.pdf,BC858,KEC,PNP,3,-30 V,-30 V,-5.0 V,-100 mA,350 mW,-55,150,C,125,,,,,x,
KECCS03676-1.pdf,BC858A,KEC,PNP,3,-30 V,-30 V,-5.0 V,-100 mA,350 mW,-55,150,C,125,,,,,x,
KECCS03676-1.pdf,BC858B,KEC,PNP,3,-30 V,-30 V,-5.0 V,-100 mA,350 mW,-55,150,C,125 220,,,,,x,
KECCS03676-1.pdf,BC858C,KEC,PNP,3,-30 V,-30 V,-5.0 V,-100 mA,350 mW,-55,150,C,125 420,,,,,x,
KECCS05435-1.pdf,BC546,KEC,NPN,3,65 V,80 V,6.0 V,100 mA,625 mW,-55,150,C,110,,,,,x,
KECCS05435-1.pdf,BC546A,KEC,NPN,3,65 V,80 V,6.0 V,100 mA,625 mW,-55,150,C,110,,,,,x,
KECCS05435-1.pdf,BC546B,KEC,NPN,3,65 V,80 V,6.0 V,100 mA,625 mW,-55,150,C,110 200,,,,,x,
KECCS05435-1.pdf,BC547,KEC,NPN,3,45 V,50 V,6.0 V,100 mA,625 mW,-55,150,C,110,,,,,x,
KECCS05435-1.pdf,BC547A,KEC,NPN,3,45 V,50 V,6.0 V,100 mA,625 mW,-55,150,C,110,,,,,x,
KECCS05435-1.pdf,BC547B,KEC,NPN,3,45 V,50 V,6.0 V,100 mA,625 mW,-55,150,C,110 200,,,,,x,
KECCS05435-1.pdf,BC547C,KEC,NPN,3,45 V,50 V,6.0 V,100 mA,625 mW,-55,150,C,110 420,,,,,x,
KECCS05435-1.pdf,BC548,KEC,NPN,3,30 V,30 V,5.0 V,100 mA,625 mW,-55,150,C,110,,,,,x,
KECCS05435-1.pdf,BC548A,KEC,NPN,3,30 V,30 V,5.0 V,100 mA,625 mW,-55,150,C,110,,,,,x,
KECCS05435-1.pdf,BC548B,KEC,NPN,3,30 V,30 V,5.0 V,100 mA,625 mW,-55,150,C,110 200,,,,,x,
KECCS05435-1.pdf,BC548C,KEC,NPN,3,30 V,30 V,5.0 V,100 mA,625 mW,-55,150,C,110 420,,,,,x,
LITES00424-1.pdf,2N3906,Vishay/Lite-on,PNP,3,-40 V,-40 V,-5.0 V,-100 mA,500 mW,-55,150,C,30 50 60 70 100,,,,,x,
LITES00686-1.pdf,2N4124,Vishay/Lite-on,NPN,3,25 V,30 V,5.0 V,200 mA,625 mW,-65,150,C,120,,,,,x,
LITES00689-1.pdf,BC337,Vishay/Lite-on,NPN,3,45 V,,5.0 V,800 mA,625 mW,-55,150,C,60 100,,,,,x,
LITES00689-1.pdf,BC337-16,Vishay/Lite-on,NPN,3,45 V,,5.0 V,800 mA,625 mW,-55,150,C,60 100,,,,,x,
LITES00689-1.pdf,BC337-25,Vishay/Lite-on,NPN,3,45 V,,5.0 V,800 mA,625 mW,-55,150,C,100 160,,,,,x,
LITES00689-1.pdf,BC337-40,Vishay/Lite-on,NPN,3,45 V,,5.0 V,800 mA,625 mW,-55,150,C,170 250,,,,,x,
LITES00690-1.pdf,BC546,Vishay/Lite-on,NPN,3,65 V,80 V,6.0 V,100 mA,500 mW,-65,150,C,110,,,,,x,
LITES00690-1.pdf,BC546A,Vishay/Lite-on,NPN,3,65 V,80 V,6.0 V,100 mA,500 mW,-65,150,C,110,,,,,x,
LITES00690-1.pdf,BC546B,Vishay/Lite-on,NPN,3,65 V,80 V,6.0 V,100 mA,500 mW,-65,150,C,200,,,,,x,
LITES00690-1.pdf,BC546C,Vishay/Lite-on,NPN,3,65 V,80 V,6.0 V,100 mA,500 mW,-65,150,C,420,,,,,x,
LITES00690-1.pdf,BC547,Vishay/Lite-on,NPN,3,45 V,50 V,6.0 V,100 mA,500 mW,-65,150,C,110,,,,,x,
LITES00690-1.pdf,BC547A,Vishay/Lite-on,NPN,3,45 V,50 V,6.0 V,100 mA,500 mW,-65,150,C,110,,,,,x,
LITES00690-1.pdf,BC547B,Vishay/Lite-on,NPN,3,45 V,50 V,6.0 V,100 mA,500 mW,-65,150,C,200,,,,,x,
LITES00690-1.pdf,BC547C,Vishay/Lite-on,NPN,3,45 V,50 V,6.0 V,100 mA,500 mW,-65,150,C,420,,,,,x,
LITES00690-1.pdf,BC548,Vishay/Lite-on,NPN,3,30 V,30 V,5.0 V,100 mA,500 mW,-65,150,C,110,,,,,x,
LITES00690-1.pdf,BC548A,Vishay/Lite-on,NPN,3,30 V,30 V,5.0 V,100 mA,500 mW,-65,150,C,110,,,,,x,
LITES00690-1.pdf,BC548B,Vishay/Lite-on,NPN,3,30 V,30 V,5.0 V,100 mA,500 mW,-65,150,C,200,,,,,x,
LITES00690-1.pdf,BC548C,Vishay/Lite-on,NPN,3,30 V,30 V,5.0 V,100 mA,500 mW,-65,150,C,420,,,,,x,
LTSCS02910-1.pdf,BC818,Lite-on,NPN,3,25 V,30 V,5.0 V,500 mA,300 mW,-55,150,C,60 100,,,,,x,
LTSCS02910-1.pdf,BC818-16,Lite-on,NPN,3,25 V,30 V,5.0 V,500 mA,300 mW,-55,150,C,60 100,,,,,x,
LTSCS02910-1.pdf,BC818-25,Lite-on,NPN,3,25 V,30 V,5.0 V,500 mA,300 mW,-55,150,C,60 100 160,,,,,x,
LTSCS02910-1.pdf,BC818-40,Lite-on,NPN,3,25 V,30 V,5.0 V,500 mA,300 mW,-55,150,C,60 100 250,,,,,x,
LTSCS02912-1.pdf,BC846W,Lite-on,NPN,3,65 V,80 V,6.0 V,100 mA,150 mW,-55,150,C,110,,,,,x,
LTSCS02912-1.pdf,BC846AW,Lite-on,NPN,3,65 V,80 V,6.0 V,100 mA,150 mW,-55,150,C,110,,,,,x,
LTSCS02912-1.pdf,BC846BW,Lite-on,NPN,3,65 V,80 V,6.0 V,100 mA,150 mW,-55,150,C,200,,,,,x,
LTSCS02920-1.pdf,BC857,Lite-on,PNP,3,-45 V,-50 V,-5.0 V,-100 mA,200 mW,-65,150,C,125,,,,,x,
LTSCS02920-1.pdf,BC857A,Lite-on,PNP,3,-45 V,-50 V,-5.0 V,-100 mA,200 mW,-65,150,C,125,,,,,x,
LTSCS02920-1.pdf,BC857B,Lite-on,PNP,3,-45 V,-50 V,-5.0 V,-100 mA,200 mW,-65,150,C,220,,,,,x,
LTSCS02920-1.pdf,BC857C,Lite-on,PNP,3,-45 V,-50 V,-5.0 V,-100 mA,200 mW,-65,150,C,420,,,,,x,
MCCCS08610-1.pdf,2N4123,MCC,NPN,3,30 V,40 V,5.0 V,200 mA,625 mW,-55,150,C,25 50,,,,,x,
MCCCS08610-1.pdf,2N4124,MCC,NPN,3,25 V,30 V,5.0 V,200 mA,625 mW,-55,150,C,60 120,,,,,x,
MCCCS08818-1.pdf,DTC114YE,MCC,NPN,3,,,,100 mA,150 mW,-55,150,C,68,,,,,x,
MCCCS08984-1.pdf,MMBT3904,MCC,NPN,3,40 V,60 V,6.0 V,200 mA,350 mW,-55,150,C,30 40 60 70 100,,,,,x,
MCCCS09540-1.pdf,BC846,MCC,NPN,3,65 V,80 V,6.0 V,100 mA,225 mW,-55,150,C,110,,,,,x,
MCCCS09540-1.pdf,BC846A,MCC,NPN,3,65 V,80 V,6.0 V,100 mA,225 mW,-55,150,C,110,,,,,x,
MCCCS09540-1.pdf,BC846B,MCC,NPN,3,65 V,80 V,6.0 V,100 mA,225 mW,-55,150,C,220,,,,,x,
MCCCS09540-1.pdf,BC847,MCC,NPN,3,45 V,50 V,6.0 V,100 mA,225 mW,-55,150,C,110,,,,,x,
MCCCS09540-1.pdf,BC847A,MCC,NPN,3,45 V,50 V,6.0 V,100 mA,225 mW,-55,150,C,110,,,,,x,
MCCCS09540-1.pdf,BC847B,MCC,NPN,3,45 V,50 V,6.0 V,100 mA,225 mW,-55,150,C,220,,,,,x,
MCCCS09540-1.pdf,BC847C,MCC,NPN,3,45 V,50 V,6.0 V,100 mA,225 mW,-55,150,C,420,,,,,x,
MCCCS09540-1.pdf,BC848,MCC,NPN,3,30 V,30 V,6.0 V,100 mA,225 mW,-55,150,C,110,,,,,x,
MCCCS09540-1.pdf,BC848A,MCC,NPN,3,30 V,30 V,6.0 V,100 mA,225 mW,-55,150,C,110,,,,,x,
MCCCS09540-1.pdf,BC848B,MCC,NPN,3,30 V,30 V,6.0 V,100 mA,225 mW,-55,150,C,220,,,,,x,
MCCCS09540-1.pdf,BC848C,MCC,NPN,3,30 V,30 V,6.0 V,100 mA,225 mW,-55,150,C,420,,,,,x,
MCCCS09540-1.pdf,BC849,MCC,NPN,3,30 V,30 V,6.0 V,100 mA,225 mW,-55,150,C,220,,,,,x,
MCCCS09540-1.pdf,BC849B,MCC,NPN,3,30 V,30 V,6.0 V,100 mA,225 mW,-55,150,C,220,,,,,x,
MCCCS09540-1.pdf,BC849C,MCC,NPN,3,30 V,30 V,6.0 V,100 mA,225 mW,-55,150,C,420,,,,,x,
MCCCS09741-1.pdf,BC337,MCC,NPN,3,45 V,50 V,5.0 V,800 mA,625 mW,-55,150,C,60 100,,,,,x,
MCCCS09741-1.pdf,BC337-16,MCC,NPN,3,45 V,50 V,5.0 V,800 mA,625 mW,-55,150,C,60 100,,,,,x,
MCCCS09741-1.pdf,BC337-25,MCC,NPN,3,45 V,50 V,5.0 V,800 mA,625 mW,-55,150,C,60 160,,,,,x,
MCCCS09741-1.pdf,BC337-40,MCC,NPN,3,45 V,50 V,5.0 V,800 mA,625 mW,-55,150,C,60 250,,,,,x,
MCCCS09741-1.pdf,BC338,MCC,NPN,3,25 V,30 V,5.0 V,800 mA,625 mW,-55,150,C,60 100,,,,,x,
MCCCS09741-1.pdf,BC338-16,MCC,NPN,3,25 V,30 V,5.0 V,800 mA,625 mW,-55,150,C,60 100,,,,,x,
MCCCS09741-1.pdf,BC338-25,MCC,NPN,3,25 V,30 V,5.0 V,800 mA,625 mW,-55,150,C,60 160,,,,,x,
MCCCS09741-1.pdf,BC338-40,MCC,NPN,3,25 V,30 V,5.0 V,800 mA,625 mW,-55,150,C,60 250,,,,,x,
MINDS00015-1.pdf,2N3904,Minilogic,NPN,3,40 V,60 V,6.0 V,200 mA,625 mW,-55,150,C,,,,,,x,
MINDS00015-1.pdf,MMBT3904,Minilogic,NPN,3,40 V,60 V,6.0 V,200 mA,350 mW,-55,150,C,,,,,,x,
MMBT3904.pdf,2N3904,Fairchild,NPN,3,40 V,60 V,6.0 V,200 mA,350 mW,-55,150,C,30 40 60 70 100,,,,,x,
MMBT3904.pdf,2N3904BU,Fairchild,NPN,3,40 V,60 V,6.0 V,200 mA,350 mW,-55,150,C,30 40 60 70 100,,,,,x,
MMBT3904.pdf,2N3904TA,Fairchild,NPN,3,40 V,60 V,6.0 V,200 mA,350 mW,-55,150,C,30 40 60 70 100,,,,,x,
MMBT3904.pdf,2N3904TAR,Fairchild,NPN,3,40 V,60 V,6.0 V,200 mA,350 mW,-55,150,C,30 40 60 70 100,,,,,x,
MMBT3904.pdf,2N3904TF,Fairchild,NPN,3,40 V,60 V,6.0 V,200 mA,350 mW,-55,150,C,30 40 60 70 100,,,,,x,
MMBT3904.pdf,2N3904TFR,Fairchild,NPN,3,40 V,60 V,6.0 V,200 mA,350 mW,-55,150,C,30 40 60 70 100,,,,,x,
MMBT3904.pdf,MMBT3904,Fairchild,NPN,3,40 V,60 V,6.0 V,200 mA,350 mW,-55,150,C,30 40 60 70 100,,,,,x,
MMBT3904.pdf,PZT3904,Fairchild,NPN,4,40 V,60 V,6.0 V,200 mA,350 mW,-55,150,C,30 40 60 70 100,,,,,x,
MMMCS17742-1.pdf,BC807-16W,MCC,PNP,3,45 V,50 V,5.0 V,500 mA,200 mW,-55,150,C,40 100,,,,,x,
MMMCS17742-1.pdf,BC807-25W,MCC,PNP,3,45 V,50 V,5.0 V,500 mA,200 mW,-55,150,C,40 160,,,,,x,
MMMCS17742-1.pdf,BC807-40W,MCC,PNP,3,45 V,50 V,5.0 V,500 mA,200 mW,-55,150,C,40 250,,,,,x,
MOTOS03160-1.pdf,BC182,Motorola,NPN,3,50 V,60 V,6.0 V,100 mA,350 mW,-55,150,C,40 120 80,,,,,x,
MOTOS03160-1.pdf,BC182A,Motorola,NPN,3,50 V,60 V,6.0 V,100 mA,350 mW,-55,150,C,40 120 80,,,,,x,
MOTOS03160-1.pdf,BC182B,Motorola,NPN,3,50 V,60 V,6.0 V,100 mA,350 mW,-55,150,C,40 120 80,,,,,x,
MOTOS03160-1.pdf,BC183,Motorola,NPN,3,30 V,45 V,6.0 V,100 mA,350 mW,-55,150,C,40 120 80,,,,,x,
MOTOS03160-1.pdf,BC184,Motorola,NPN,3,30 V,45 V,6.0 V,100 mA,350 mW,-55,150,C,100 250 130,,,,,x,
MOTOS03189-1.pdf,BC337,Motorola,NPN,3,45 V,50 V,5.0 V,800 mA,625 mW,-55,150,C,60 100,,,,,x,
MOTOS03189-1.pdf,BC337-16,Motorola,NPN,3,45 V,50 V,5.0 V,800 mA,625 mW,-55,150,C,60 100,,,,,x,
MOTOS03189-1.pdf,BC337-25,Motorola,NPN,3,45 V,50 V,5.0 V,800 mA,625 mW,-55,150,C,160 60,,,,,x,
MOTOS03189-1.pdf,BC337-40,Motorola,NPN,3,45 V,50 V,5.0 V,800 mA,625 mW,-55,150,C,250 60,,,,,x,
MOTOS03189-1.pdf,BC338,Motorola,NPN,3,25 V,30 V,5.0 V,800 mA,625 mW,-55,150,C,100 60,,,,,x,
MOTOS03189-1.pdf,BC338-16,Motorola,NPN,3,25 V,30 V,5.0 V,800 mA,625 mW,-55,150,C,100 60,,,,,x,
MOTOS03189-1.pdf,BC338-25,Motorola,NPN,3,25 V,30 V,5.0 V,800 mA,625 mW,-55,150,C,160 60,,,,,x,
MOTOS03189-1.pdf,BC338-40,Motorola,NPN,3,25 V,30 V,5.0 V,800 mA,625 mW,-55,150,C,250 60,,,,,x,
MOTOS04676-1.pdf,2N4123,Motorola,NPN,3,30 V,40 V,5.0 V,200 mA,625 mW,-55,150,C,25 50,,,,,x,
MOTOS04676-1.pdf,2N4124,Motorola,NPN,3,25 V,30 V,5.0 V,200 mA,625 mW,-55,150,C,60 120,,,,,x,
MOTOS04796-1.pdf,2N6426,Motorola,NPN,3,40 V,40 V,12.0 V,500 mA,625 mW,-55,150,C,20000 30000,,,,,x,
MOTOS04796-1.pdf,2N6427,Motorola,NPN,3,40 V,40 V,12.0 V,500 mA,625 mW,-55,150,C,10000 20000 14000,,,,,x,
ONSMS04099-1.pdf,BC237,Motorola,NPN,3,45 V,,6.0 V,100 mA,350 mW,-55,150,C,120,,,,,x,
ONSMS04099-1.pdf,BC237A,Motorola,NPN,3,45 V,,6.0 V,100 mA,350 mW,-55,150,C,120,,,,,x,
ONSMS04099-1.pdf,BC237B,Motorola,NPN,3,45 V,,6.0 V,100 mA,350 mW,-55,150,C,200,,,,,x,
ONSMS04099-1.pdf,BC237C,Motorola,NPN,3,45 V,,6.0 V,100 mA,350 mW,-55,150,C,380,,,,,x,"has a ton of parts at the end, excluded"
ONSMS04099-1.pdf,BC238,Motorola,NPN,3,25 V,,5.0 V,100 mA,350 mW,-55,150,C,200,,,,,x,
ONSMS04099-1.pdf,BC238B,Motorola,NPN,3,25 V,,5.0 V,100 mA,350 mW,-55,150,C,200,,,,,x,
ONSMS04099-1.pdf,BC238C,Motorola,NPN,3,25 V,,5.0 V,100 mA,350 mW,-55,150,C,380,,,,,x,
ONSMS04099-1.pdf,BC239,Motorola,NPN,3,25 V,,5.0 V,100 mA,350 mW,-55,150,C,120,,,,,x,
ONSMS04099-1.pdf,BC239C,Motorola,NPN,3,25 V,,5.0 V,100 mA,350 mW,-55,150,C,380,,,,,x,
PHGLS18216-1.pdf,BC547,Philips,NPN,3,45 V,40 V,6.0 V,100 mA,500 mW,-65,150,C,110,,,,,x,
PHGLS18216-1.pdf,BC547B,Philips,NPN,3,45 V,40 V,6.0 V,100 mA,500 mW,-65,150,C,110 200,,,,,x,
PHGLS18216-1.pdf,BC547C,Philips,NPN,3,45 V,40 V,6.0 V,100 mA,500 mW,-65,150,C,110 420,,,,,x,
PHGLS18216-1.pdf,BC847,Philips,NPN,3,45 V,50 V,6.0 V,100 mA,500 mW,-65,150,C,110,,,,,x,
PHGLS18216-1.pdf,BC847W,Philips,NPN,3,45 V,50 V,6.0 V,100 mA,500 mW,-65,150,C,110,,,,,x,
PHGLS18216-1.pdf,BC847T,Philips,NPN,3,45 V,50 V,6.0 V,100 mA,500 mW,-65,150,C,110,,,,,x,
PHGLS18216-1.pdf,BC847A,Philips,NPN,3,45 V,50 V,6.0 V,100 mA,500 mW,-65,150,C,110,,,,,x,
PHGLS18216-1.pdf,BC847AW,Philips,NPN,3,45 V,50 V,6.0 V,100 mA,500 mW,-65,150,C,110,,,,,x,
PHGLS18216-1.pdf,BC847AT,Philips,NPN,3,45 V,50 V,6.0 V,100 mA,500 mW,-65,150,C,110,,,,,x,
PHGLS18216-1.pdf,BC847AM,Philips,NPN,3,45 V,50 V,6.0 V,100 mA,500 mW,-65,150,C,110,,,,,x,
PHGLS18216-1.pdf,BC847AT/DG,Philips,NPN,3,45 V,50 V,6.0 V,100 mA,500 mW,-65,150,C,110,,,,,x,
PHGLS18216-1.pdf,BC847B,Philips,NPN,3,45 V,50 V,6.0 V,100 mA,500 mW,-65,150,C,110 200,,,,,x,
PHGLS18216-1.pdf,BC847BW,Philips,NPN,3,45 V,50 V,6.0 V,100 mA,500 mW,-65,150,C,110 200,,,,,x,
PHGLS18216-1.pdf,BC847BT,Philips,NPN,3,45 V,50 V,6.0 V,100 mA,500 mW,-65,150,C,110 200,,,,,x,
PHGLS18216-1.pdf,BC847BM,Philips,NPN,3,45 V,50 V,6.0 V,100 mA,500 mW,-65,150,C,110 200,,,,,x,
PHGLS18216-1.pdf,BC847BW/DG,Philips,NPN,3,45 V,50 V,6.0 V,100 mA,500 mW,-65,150,C,110 200,,,,,x,
PHGLS18216-1.pdf,BC847B/DG,Philips,NPN,3,45 V,50 V,6.0 V,100 mA,500 mW,-65,150,C,110 200,,,,,x,
PHGLS18216-1.pdf,BC847C,Philips,NPN,3,45 V,50 V,6.0 V,100 mA,500 mW,-65,150,C,110 420,,,,,x,
PHGLS18216-1.pdf,BC847CW,Philips,NPN,3,45 V,50 V,6.0 V,100 mA,500 mW,-65,150,C,110 420,,,,,x,
PHGLS18216-1.pdf,BC847CT,Philips,NPN,3,45 V,50 V,6.0 V,100 mA,500 mW,-65,150,C,110 420,,,,,x,
PHGLS18216-1.pdf,BC847CM,Philips,NPN,3,45 V,50 V,6.0 V,100 mA,500 mW,-65,150,C,110 420,,,,,x,
PHGLS19500-1.pdf,MMBT3904,Philips,NPN,3,40 V,60 V,6.0 V,200 mA,250 mW,-65,150,C,30 60 80 100,,,,,x,
PHGLS20125-1.pdf,BC327,Philips,PNP,3,-45 V,-50 V,-5.0 V,-500 mA,625 mW,-65,150,C,100,,,,,x,
PHGLS20125-1.pdf,BC327-16,Philips,PNP,3,-45 V,-50 V,-5.0 V,-500 mA,625 mW,-65,150,C,100,,,,,x,
PHGLS20125-1.pdf,BC327-25,Philips,PNP,3,-45 V,-50 V,-5.0 V,-500 mA,625 mW,-65,150,C,160,,,,,x,
PHGLS20125-1.pdf,BC327-40,Philips,PNP,3,-45 V,-50 V,-5.0 V,-500 mA,625 mW,-65,150,C,250,,,,,x,
PHGLS20125-1.pdf,BC807,Philips,PNP,3,-45 V,-50 V,-5.0 V,-500 mA,250 mW,-65,150,C,100,,,,,x,
PHGLS20125-1.pdf,BC807W,Philips,PNP,3,-45 V,-50 V,-5.0 V,-500 mA,250 mW,-65,150,C,100,,,,,x,
PHGLS20125-1.pdf,BC807-16W,Philips,PNP,3,-45 V,-50 V,-5.0 V,-500 mA,252 mW,-65,150,C,100,,,,,x,
PHGLS20125-1.pdf,BC807-25W,Philips,PNP,3,-45 V,-50 V,-5.0 V,-500 mA,254 mW,-65,150,C,160,,,,,x,
PHGLS20125-1.pdf,BC807-40W,Philips,PNP,3,-45 V,-50 V,-5.0 V,-500 mA,256 mW,-65,150,C,250,,,,,x,
PHGLS20125-1.pdf,BC807-16,Philips,PNP,3,-45 V,-50 V,-5.0 V,-500 mA,252 mW,-65,150,C,100,,,,,x,
PHGLS20125-1.pdf,BC807-25,Philips,PNP,3,-45 V,-50 V,-5.0 V,-500 mA,254 mW,-65,150,C,160,,,,,x,
PHGLS20125-1.pdf,BC807-40,Philips,PNP,3,-45 V,-50 V,-5.0 V,-500 mA,256 mW,-65,150,C,250,,,,,x,
PHGLS20126-1.pdf,BC337,Philips,NPN,3,45 V,50 V,5.0 V,500 mA,625 mW,-65,150,C,100,,,,,x,
PHGLS20126-1.pdf,BC337-16,Philips,NPN,3,45 V,50 V,5.0 V,500 mA,625 mW,-65,150,C,100,,,,,x,
PHGLS20126-1.pdf,BC337-25,Philips,NPN,3,45 V,50 V,5.0 V,500 mA,625 mW,-65,150,C,160,,,,,x,
PHGLS20126-1.pdf,BC337-40,Philips,NPN,3,45 V,50 V,5.0 V,500 mA,625 mW,-65,150,C,250,,,,,x,
PHGLS20126-1.pdf,BC817,Philips,NPN,3,45 V,50 V,5.0 V,500 mA,250 mW,-65,150,C,100,,,,,x,
PHGLS20126-1.pdf,BC817-16,Philips,NPN,3,45 V,50 V,5.0 V,500 mA,250 mW,-65,150,C,100,,,,,x,
PHGLS20126-1.pdf,BC817-16W,Philips,NPN,3,45 V,50 V,5.0 V,500 mA,250 mW,-65,150,C,100,,,,,x,
PHGLS20126-1.pdf,BC817-25,Philips,NPN,3,45 V,50 V,5.0 V,500 mA,250 mW,-65,150,C,160,,,,,x,
PHGLS20126-1.pdf,BC817-25W,Philips,NPN,3,45 V,50 V,5.0 V,500 mA,250 mW,-65,150,C,160,,,,,x,
PHGLS20126-1.pdf,BC817-40,Philips,NPN,3,45 V,50 V,5.0 V,500 mA,250 mW,-65,150,C,250,,,,,x,
PHGLS20126-1.pdf,BC817-40W,Philips,NPN,3,45 V,50 V,5.0 V,500 mA,250 mW,-65,150,C,250,,,,,x,
PHGLS20126-1.pdf,BC817W,Philips,NPN,3,45 V,50 V,5.0 V,500 mA,200 mW,-65,150,C,100,,,,,x,
PHGLS20267-1.pdf,2N4124,Philips,NPN,3,25 V,30 V,5.0 V,300 mA,500 mW,-65,150,C,120 60,,,,,x,
PHGLS25601-1.pdf,BC846,Philips,NPN,3,65 V,80 V,6.0 V,100 mA,250 mW,-65,150,C,110,,,,,x,
PHGLS25601-1.pdf,BC846A,Philips,NPN,3,65 V,80 V,6.0 V,100 mA,250 mW,-65,150,C,110,,,,,x,
PHGLS25601-1.pdf,BC846B,Philips,NPN,3,65 V,80 V,6.0 V,100 mA,250 mW,-65,150,C,110 200,,,,,x,
PHGLS25601-1.pdf,BC846T,Philips,NPN,3,65 V,80 V,6.0 V,100 mA,150 mW,-65,150,C,110,,,,,x,
PHGLS25601-1.pdf,BC846AT,Philips,NPN,3,65 V,80 V,6.0 V,100 mA,150 mW,-65,150,C,110,,,,,x,
PHGLS25601-1.pdf,BC846BT,Philips,NPN,3,65 V,80 V,6.0 V,100 mA,150 mW,-65,150,C,110 200,,,,,x,
PHGLS25601-1.pdf,BC846W,Philips,NPN,3,65 V,80 V,6.0 V,100 mA,200 mW,-65,150,C,110,80 V,,,,x,
PHGLS25601-1.pdf,BC846AW,Philips,NPN,3,65 V,80 V,6.0 V,100 mA,200 mW,-65,150,C,110,80 V,,,,x,
PHGLS25601-1.pdf,BC846BW,Philips,NPN,3,65 V,80 V,6.0 V,100 mA,200 mW,-65,150,C,110 200,80 V,,,,x,
PNJIS00254-1.pdf,BC807-16W,Panjit,PNP,3,-45 V,-50 V,-5.0 V,-500 mA,300 mW,-55,150,C,100 40,,,,,x,
PNJIS00254-1.pdf,BC807-25W,Panjit,PNP,3,-45 V,-50 V,-5.0 V,-500 mA,300 mW,-55,150,C,160 40,,,,,x,
PNJIS00254-1.pdf,BC807-40W,Panjit,PNP,3,-45 V,-50 V,-5.0 V,-500 mA,300 mW,-55,150,C,250 40,,,,,x,
PNJIS01186-1.pdf,BC807-16,Panjit,PNP,3,-45 V,-50 V,-5.0 V,-500 mA,330 mW,-55,150,C,100 40,,,,,x,
PNJIS01186-1.pdf,BC807-25,Panjit,PNP,3,-45 V,-50 V,-5.0 V,-500 mA,330 mW,-55,150,C,160 40,,,,,x,
PNJIS01186-1.pdf,BC807-40,Panjit,PNP,3,-45 V,-50 V,-5.0 V,-500 mA,330 mW,-55,150,C,250 40,,,,,x,
PNJIS01305-1.pdf,MMBT3904,Panjit,NPN,3,40 V,60 V,6.0 V,200 mA,225 mW,-55,150,C,30 40 60 70 100,,,,,x,
PNJIS01453-1.pdf,BC846,Panjit,NPN,3,65 V,80 V,6.0 V,100 mA,300 mW,-55,150,C,110,,,,,x,
PNJIS01453-1.pdf,BC846A,Panjit,NPN,3,65 V,80 V,6.0 V,100 mA,300 mW,-55,150,C,110,,,,,x,
PNJIS01453-1.pdf,BC846B,Panjit,NPN,3,65 V,80 V,6.0 V,100 mA,300 mW,-55,150,C,200,,,,,x,
PNJIS01453-1.pdf,BC847,Panjit,NPN,3,45 V,50 V,6.0 V,100 mA,300 mW,-55,150,C,110,,,,,x,
PNJIS01453-1.pdf,BC847A,Panjit,NPN,3,45 V,50 V,6.0 V,100 mA,300 mW,-55,150,C,110,,,,,x,
PNJIS01453-1.pdf,BC847B,Panjit,NPN,3,45 V,50 V,6.0 V,100 mA,300 mW,-55,150,C,200,,,,,x,
PNJIS01453-1.pdf,BC847C,Panjit,NPN,3,45 V,50 V,6.0 V,100 mA,300 mW,-55,150,C,420,,,,,x,
PNJIS01453-1.pdf,BC848,Panjit,NPN,3,30 V,30 V,5.0 V,100 mA,300 mW,-55,150,C,110,,,,,x,
PNJIS01453-1.pdf,BC848A,Panjit,NPN,3,30 V,30 V,5.0 V,100 mA,300 mW,-55,150,C,110,,,,,x,
PNJIS01453-1.pdf,BC848B,Panjit,NPN,3,30 V,30 V,5.0 V,100 mA,300 mW,-55,150,C,200,,,,,x,
PNJIS01453-1.pdf,BC848C,Panjit,NPN,3,30 V,30 V,5.0 V,100 mA,300 mW,-55,150,C,420,,,,,x,
PNJIS01453-1.pdf,BC849,Panjit,NPN,3,30 V,30 V,5.0 V,100 mA,300 mW,-55,150,C,200,,,,,x,
PNJIS01453-1.pdf,BC849B,Panjit,NPN,3,30 V,30 V,5.0 V,100 mA,300 mW,-55,150,C,200,,,,,x,
PNJIS01453-1.pdf,BC849C,Panjit,NPN,3,30 V,30 V,5.0 V,100 mA,300 mW,-55,150,C,420,,,,,x,
PNJIS01453-1.pdf,BC850,Panjit,NPN,3,45 V,50 V,6.0 V,100 mA,300 mW,-55,150,C,200,,,,,x,
PNJIS01453-1.pdf,BC850B,Panjit,NPN,3,45 V,50 V,6.0 V,100 mA,300 mW,-55,150,C,200,,,,,x,
PNJIS01453-1.pdf,BC850C,Panjit,NPN,3,45 V,50 V,6.0 V,100 mA,300 mW,-55,150,C,420,,,,,x,
PNJIS01593-1.pdf,BC856,Panjit,PNP,3,-65 V,-80 V,-5.0 V,-100 mA,330 mW,-50,150,C,11,,,,,x,
PNJIS01593-1.pdf,BC856A,Panjit,PNP,3,-65 V,-80 V,-5.0 V,-100 mA,330 mW,-50,150,C,11,,,,,x,
PNJIS01593-1.pdf,BC856B,Panjit,PNP,3,-65 V,-80 V,-5.0 V,-100 mA,330 mW,-50,150,C,220,,,,,x,
PNJIS01593-1.pdf,BC857,Panjit,PNP,3,-45 V,-50 V,-5.0 V,-100 mA,330 mW,-50,150,C,110,,,,,x,
PNJIS01593-1.pdf,BC857A,Panjit,PNP,3,-45 V,-50 V,-5.0 V,-100 mA,330 mW,-50,150,C,110,,,,,x,
PNJIS01593-1.pdf,BC857B,Panjit,PNP,3,-45 V,-50 V,-5.0 V,-100 mA,330 mW,-50,150,C,220,,,,,x,
PNJIS01593-1.pdf,BC857C,Panjit,PNP,3,-45 V,-50 V,-5.0 V,-100 mA,330 mW,-50,150,C,420,,,,,x,
PNJIS01593-1.pdf,BC858,Panjit,PNP,3,-30 V,-30 V,-5.0 V,-100 mA,330 mW,-50,150,C,110,,,,,x,
PNJIS01593-1.pdf,BC858A,Panjit,PNP,3,-30 V,-30 V,-5.0 V,-100 mA,330 mW,-50,150,C,110,,,,,x,
PNJIS01593-1.pdf,BC858B,Panjit,PNP,3,-30 V,-30 V,-5.0 V,-100 mA,330 mW,-50,150,C,220,,,,,x,
PNJIS01593-1.pdf,BC858C,Panjit,PNP,3,-30 V,-30 V,-5.0 V,-100 mA,330 mW,-50,150,C,420,,,,,x,
PNJIS01593-1.pdf,BC859,Panjit,PNP,3,-30 V,-30 V,-5.0 V,-100 mA,330 mW,-50,150,C,220,,,,,x,
PNJIS01593-1.pdf,BC859B,Panjit,PNP,3,-30 V,-30 V,-5.0 V,-100 mA,330 mW,-50,150,C,220,,,,,x,
PNJIS01593-1.pdf,BC859C,Panjit,PNP,3,-30 V,-30 V,-5.0 V,-100 mA,330 mW,-50,150,C,420,,,,,x,
RECTS00705-1.pdf,BC546,Rectron,NPN,3,65 V,80 V,6.0 V,200 mA,500 mW,-55,150,C,110,,,,,x,
RECTS00705-1.pdf,BC546A,Rectron,NPN,3,65 V,80 V,6.0 V,200 mA,500 mW,-55,150,C,110,,,,,x,
RECTS00705-1.pdf,BC546B,Rectron,NPN,3,65 V,80 V,6.0 V,200 mA,500 mW,-55,150,C,200,,,,,x,
RECTS00705-1.pdf,BC546C,Rectron,NPN,3,65 V,80 V,6.0 V,200 mA,500 mW,-55,150,C,420,,,,,x,
RECTS00705-1.pdf,BC547,Rectron,NPN,3,45 V,50 V,6.0 V,200 mA,500 mW,-55,150,C,110,,,,,x,
RECTS00705-1.pdf,BC547A,Rectron,NPN,3,45 V,50 V,6.0 V,200 mA,500 mW,-55,150,C,110,,,,,x,
RECTS00705-1.pdf,BC547B,Rectron,NPN,3,45 V,50 V,6.0 V,200 mA,500 mW,-55,150,C,200,,,,,x,
RECTS00705-1.pdf,BC547C,Rectron,NPN,3,45 V,50 V,6.0 V,200 mA,500 mW,-55,150,C,420,,,,,x,
RECTS00705-1.pdf,BC548,Rectron,NPN,3,30 V,30 V,5.0 V,200 mA,500 mW,-55,150,C,110,,,,,x,
RECTS00705-1.pdf,BC548A,Rectron,NPN,3,30 V,30 V,5.0 V,200 mA,500 mW,-55,150,C,110,,,,,x,
RECTS00705-1.pdf,BC548B,Rectron,NPN,3,30 V,30 V,5.0 V,200 mA,500 mW,-55,150,C,200,,,,,x,
RECTS00705-1.pdf,BC548C,Rectron,NPN,3,30 V,30 V,5.0 V,200 mA,500 mW,-55,150,C,420,,,,,x,
RECTS01002-1.pdf,MMBT3904,Rectron,NPN,3,40 V,60 V,6.0 V,200 mA,200 mW,-55,150,C,30 40 60 70 100,,,,,x,
RECTS01158-1.pdf,BC807-25,Rectron,PNP,3,-45 V,-50 V,-5.0 V,-500 mA,300 mW,-55,150,C,160,,,,,x,
RECTS01214-1.pdf,DTC114EUA,Rectron,NPN,3,,,,100 mA,200 mW,-55,150,C,30,,,,,x,
RECTS01242-1.pdf,BC857B,Rectron,PNP,3,-45 V,-50 V,-5.0 V,-100 mA,225 mW,-55,150,C,220,,,,,x,
RECTS01325-1.pdf,DTC114YUA,Rectron,NPN,3,,,,100 mA,200 mW,-55,150,C,68,,,,,x,
SCSCS02175-1.pdf,BC546,Secos,NPN,3,65 V,80 V,6.0 V,100 mA,625 mW,-55,150,C,110,,,,,x,
SCSCS02175-1.pdf,BC546A,Secos,NPN,3,65 V,80 V,6.0 V,100 mA,625 mW,-55,150,C,110,,,,,x,
SCSCS02175-1.pdf,BC546B,Secos,NPN,3,65 V,80 V,6.0 V,100 mA,625 mW,-55,150,C,110 200,,,,,x,
SCSCS02175-1.pdf,BC546C,Secos,NPN,3,65 V,80 V,6.0 V,100 mA,625 mW,-55,150,C,110 420,,,,,x,
SCSCS02175-1.pdf,BC547,Secos,NPN,3,45 V,50 V,6.0 V,100 mA,625 mW,-55,150,C,110,,,,,x,
SCSCS02175-1.pdf,BC547A,Secos,NPN,3,45 V,50 V,6.0 V,100 mA,625 mW,-55,150,C,110,,,,,x,
SCSCS02175-1.pdf,BC547B,Secos,NPN,3,45 V,50 V,6.0 V,100 mA,625 mW,-55,150,C,110 200,,,,,x,
SCSCS02175-1.pdf,BC547C,Secos,NPN,3,45 V,50 V,6.0 V,100 mA,625 mW,-55,150,C,110 420,,,,,x,
SCSCS02175-1.pdf,BC548,Secos,NPN,3,30 V,30 V,6.0 V,100 mA,625 mW,-55,150,C,110,,,,,x,
SCSCS02175-1.pdf,BC548A,Secos,NPN,3,30 V,30 V,6.0 V,100 mA,625 mW,-55,150,C,110,,,,,x,
SCSCS02175-1.pdf,BC548B,Secos,NPN,3,30 V,30 V,6.0 V,100 mA,625 mW,-55,150,C,110 200,,,,,x,
SCSCS02175-1.pdf,BC548C,Secos,NPN,3,30 V,30 V,6.0 V,100 mA,625 mW,-55,150,C,110 420,,,,,x,
SCSCS02324-1.pdf,MMBT3904,Secos,NPN,3,40 V,60 V,6.0 V,200 mA,225 mW,-55,150,C,30 40 70 60 100,,,,,x,
SGSTS13702-1.pdf,BC547B,ST,NPN,3,45 V,50 V,6.0 V,100 mA,500 mW,-65,150,C,200,,,,,x,
SGSTS13702-1.pdf,BC547B-AP,ST,NPN,3,45 V,50 V,6.0 V,100 mA,500 mW,-65,150,C,200,,,,,x,
SGSTS13702-1.pdf,BC547C,ST,NPN,3,45 V,50 V,6.0 V,100 mA,500 mW,-65,150,C,420,,,,,x,
SGSTS13702-1.pdf,BC547C-AP,ST,NPN,3,45 V,50 V,6.0 V,100 mA,500 mW,-65,150,C,420,,,,,x,
SGSTS13734-1.pdf,BC337-25,ST,NPN,3,45 V,50 V,5.0 V,500 mA,625 mW,-65,150,C,160,,,,,x,
SGSTS13734-1.pdf,BC337-25-AP,ST,NPN,3,45 V,50 V,5.0 V,500 mA,625 mW,-65,150,C,160,,,,,x,
SGSTS13734-1.pdf,BC337-40,ST,NPN,3,45 V,50 V,5.0 V,500 mA,625 mW,-65,150,C,250,,,,,x,
SGSTS13734-1.pdf,BC337-40-AP,ST,NPN,3,45 V,50 V,5.0 V,500 mA,625 mW,-65,150,C,250,,,,,x,
SIEMS01215-1.pdf,BC856,Siemens,PNP,3,65 V,80 V,5.0 V,100 mA,330 mW,-65,150,C,125,,,,,x,
SIEMS01215-1.pdf,BC856A,Siemens,PNP,3,65 V,80 V,5.0 V,100 mA,330 mW,-65,150,C,125,,,,,x,
SIEMS01215-1.pdf,BC856B,Siemens,PNP,3,65 V,80 V,5.0 V,100 mA,330 mW,-65,150,C,220,,,,,x,
SIEMS01215-1.pdf,BC857,Siemens,PNP,3,45 V,50 V,5.0 V,100 mA,330 mW,-65,150,C,125,,,,,x,
SIEMS01215-1.pdf,BC857A,Siemens,PNP,3,45 V,50 V,5.0 V,100 mA,330 mW,-65,150,C,125,,,,,x,
SIEMS01215-1.pdf,BC857B,Siemens,PNP,3,45 V,50 V,5.0 V,100 mA,330 mW,-65,150,C,220,,,,,x,
SIEMS01215-1.pdf,BC857C,Siemens,PNP,3,45 V,50 V,5.0 V,100 mA,330 mW,-65,150,C,420,,,,,x,
SIEMS01215-1.pdf,BC858,Siemens,PNP,3,30 V,30 V,5.0 V,100 mA,330 mW,-65,150,C,125,,,,,x,
SIEMS01215-1.pdf,BC858A,Siemens,PNP,3,30 V,30 V,5.0 V,100 mA,330 mW,-65,150,C,125,,,,,x,
SIEMS01215-1.pdf,BC858B,Siemens,PNP,3,30 V,30 V,5.0 V,100 mA,330 mW,-65,150,C,220,,,,,x,
SIEMS01215-1.pdf,BC858C,Siemens,PNP,3,30 V,30 V,5.0 V,100 mA,330 mW,-65,150,C,420,,,,,x,
SIEMS01215-1.pdf,BC859,Siemens,PNP,3,30 V,30 V,5.0 V,100 mA,330 mW,-65,150,C,125,,,,,x,
SIEMS01215-1.pdf,BC859A,Siemens,PNP,3,30 V,30 V,5.0 V,100 mA,330 mW,-65,150,C,125,,,,,x,
SIEMS01215-1.pdf,BC859B,Siemens,PNP,3,30 V,30 V,5.0 V,100 mA,330 mW,-65,150,C,220,,,,,x,
SIEMS01215-1.pdf,BC859C,Siemens,PNP,3,30 V,30 V,5.0 V,100 mA,330 mW,-65,150,C,420,,,,,x,
SIEMS01215-1.pdf,BC860,Siemens,PNP,3,45 V,50 V,5.0 V,100 mA,330 mW,-65,150,C,220,,,,,x,
SIEMS01215-1.pdf,BC860B,Siemens,PNP,3,45 V,50 V,5.0 V,100 mA,330 mW,-65,150,C,220,,,,,x,
SIEMS01215-1.pdf,BC860C,Siemens,PNP,3,45 V,50 V,5.0 V,100 mA,330 mW,-65,150,C,420,,,,,x,
TKCGS00622-1.pdf,DTC114EE,Tak Cheong,NPN,3,50 V,50 V,6.0 V,100 mA,150 mW,-55,150,C,35,,,,,x,
TKCGS00622-1.pdf,DTC114TE,Tak Cheong,NPN,3,50 V,50 V,6.0 V,100 mA,150 mW,-55,150,C,160,,,,,x,
TKCGS00622-1.pdf,DTC114YE,Tak Cheong,NPN,3,50 V,50 V,6.0 V,100 mA,150 mW,-55,150,C,80,,,,,x,
TKCGS00622-1.pdf,DTC123EE,Tak Cheong,NPN,3,50 V,50 V,6.0 V,100 mA,150 mW,-55,150,C,8,,,,,x,
TKCGS00622-1.pdf,DTC123JE,Tak Cheong,NPN,3,50 V,50 V,6.0 V,100 mA,150 mW,-55,150,C,80,,,,,x,
TKCGS00622-1.pdf,DTC124EE,Tak Cheong,NPN,3,50 V,50 V,6.0 V,100 mA,150 mW,-55,150,C,60,,,,,x,
TKCGS00622-1.pdf,DTC124XE,Tak Cheong,NPN,3,50 V,50 V,6.0 V,100 mA,150 mW,-55,150,C,80,,,,,x,
TKCGS00622-1.pdf,DTC143EE,Tak Cheong,NPN,3,50 V,50 V,6.0 V,100 mA,150 mW,-55,150,C,15,,,,,x,
TKCGS00622-1.pdf,DTC143TE,Tak Cheong,NPN,3,50 V,50 V,6.0 V,100 mA,150 mW,-55,150,C,160,,,,,x,
TKCGS00622-1.pdf,DTC143ZE,Tak Cheong,NPN,3,50 V,50 V,6.0 V,100 mA,150 mW,-55,150,C,80,,,,,x,
TKCGS00622-1.pdf,DTC144EE,Tak Cheong,NPN,3,50 V,50 V,6.0 V,100 mA,150 mW,-55,150,C,80,,,,,x,
TWSCS04757-1.pdf,BC807-16,Taiwan,PNP,3,-45 V,-50 V,-5.0 V,-500 mA,300 mW,-55,150,C,100,,,,,x,
TWSCS04757-1.pdf,BC807-25,Taiwan,PNP,3,-45 V,-50 V,-5.0 V,-500 mA,300 mW,-55,150,C,160,,,,,x,
TWSCS04757-1.pdf,BC807-40,Taiwan,PNP,3,-45 V,-50 V,-5.0 V,-500 mA,300 mW,-55,150,C,250,,,,,x,
UTCLS01324-1.pdf,MMBT3904,UTC,NPN,3,40 V,60 V,6.0 V,200 mA,350 mW,-55,150,C,30 40 60 70 100,,,,,x,
UTCLS01324-1.pdf,MMBT3904L-AE3-R,UTC,NPN,3,40 V,60 V,6.0 V,200 mA,350 mW,-55,150,C,30 40 60 70 100,,,,,x,
UTCLS01324-1.pdf,MMBT3904G-AE3-R,UTC,NPN,3,40 V,60 V,6.0 V,200 mA,350 mW,-55,150,C,30 40 60 70 100,,,,,x,
UTCLS01324-1.pdf,MMBT3904L-AL3-R,UTC,NPN,3,40 V,60 V,6.0 V,200 mA,350 mW,-55,150,C,30 40 60 70 100,,,,,x,
UTCLS01324-1.pdf,MMBT3904G-AL3-R,UTC,NPN,3,40 V,60 V,6.0 V,200 mA,350 mW,-55,150,C,30 40 60 70 100,,,,,x,
UTCLS02155-1.pdf,BC807,UTC,PNP,3,-45 V,-10 V,-5.0 V,-800 mA,-310 mW,-65,150,C,60 100,,,,,x,
UTCLS02155-1.pdf,BC807-16,UTC,PNP,3,-45 V,-10 V,-5.0 V,-800 mA,-310 mW,-65,150,C,60 100,,,,,x,
UTCLS02155-1.pdf,BC807-25,UTC,PNP,3,-45 V,-10 V,-5.0 V,-800 mA,-310 mW,-65,150,C,60 100 160,,,,,x,
UTCLS02155-1.pdf,BC807-40,UTC,PNP,3,-45 V,-10 V,-5.0 V,-800 mA,-310 mW,-65,150,C,60 100 170 250,,,,,x,
UTCLS02155-1.pdf,BC808,UTC,PNP,3,-25 V,-10 V,-5.0 V,-800 mA,-310 mW,-65,150,C,60 100,,,,,x,
UTCLS02155-1.pdf,BC808-16,UTC,PNP,3,-25 V,-10 V,-5.0 V,-800 mA,-310 mW,-65,150,C,60 100,,,,,x,
UTCLS02155-1.pdf,BC808-25,UTC,PNP,3,-25 V,-10 V,-5.0 V,-800 mA,-310 mW,-65,150,C,60 100 160,,,,,x,
UTCLS02155-1.pdf,BC808-40,UTC,PNP,3,-25 V,-10 V,-5.0 V,-800 mA,-310 mW,-65,150,C,60 100 170 250,,,,,x,
UTCLS03593-1.pdf,DTC114E,UTC,NPN,3,,,,100 mA,625 mW,-55,150,C,30,,,,,x?,
UTCLS03593-1.pdf,DTC114EL-AE3-R,UTC,NPN,3,,,,100 mA,625 mW,-55,150,C,30,,,,,x?,
UTCLS03593-1.pdf,DTC114EL-AL3-R,UTC,NPN,3,,,,100 mA,625 mW,-55,150,C,30,,,,,x?,
UTCLS03593-1.pdf,DTC114EL-AN3-R,UTC,NPN,3,,,,100 mA,625 mW,-55,150,C,30,,,,,x?,
UTCLS03593-1.pdf,DTC114EL-T92-B,UTC,NPN,3,,,,100 mA,625 mW,-55,150,C,30,,,,,x?,
UTCLS03593-1.pdf,DTC114EL-T92-K,UTC,NPN,3,,,,100 mA,625 mW,-55,150,C,30,,,,,x?,
UTCLS03593-1.pdf,DTC114EL-T92-R,UTC,NPN,3,,,,100 mA,625 mW,-55,150,C,30,,,,,x?,
UTCLS03593-1.pdf,DTC114EL-T9S-K,UTC,NPN,3,,,,100 mA,625 mW,-55,150,C,30,,,,,x?,
UTCLS03593-1.pdf,DTC114EG-AE3-R,UTC,NPN,3,,,,100 mA,625 mW,-55,150,C,30,,,,,x?,
UTCLS03593-1.pdf,DTC114EG-AL3-R,UTC,NPN,3,,,,100 mA,625 mW,-55,150,C,30,,,,,x?,
UTCLS03593-1.pdf,DTC114EG-AN3-R,UTC,NPN,3,,,,100 mA,625 mW,-55,150,C,30,,,,,x?,
UTCLS03593-1.pdf,DTC114EG-T92-B,UTC,NPN,3,,,,100 mA,625 mW,-55,150,C,30,,,,,x?,
UTCLS03593-1.pdf,DTC114EG-T92-K,UTC,NPN,3,,,,100 mA,625 mW,-55,150,C,30,,,,,x?,
UTCLS03593-1.pdf,DTC114EG-T92-R,UTC,NPN,3,,,,100 mA,625 mW,-55,150,C,30,,,,,x?,
UTCLS03593-1.pdf,DTC114EG-T9S-K,UTC,NPN,3,,,,100 mA,625 mW,-55,150,C,30,,,,,x?,
VISHS23888-1.pdf,BC546,General,NPN,3,65 V,80 V,6.0 V,100 mA,500 mW,-65,150,C,110,,,,,x,
VISHS23888-1.pdf,BC546A,General,NPN,3,65 V,80 V,6.0 V,100 mA,500 mW,-65,150,C,110,,,,,x,
VISHS23888-1.pdf,BC546B,General,NPN,3,65 V,80 V,6.0 V,100 mA,500 mW,-65,150,C,200,,,,,x,
VISHS23888-1.pdf,BC547,General,NPN,3,45 V,50 V,6.0 V,100 mA,500 mW,-65,150,C,110,,,,,x,
VISHS23888-1.pdf,BC547A,General,NPN,3,45 V,50 V,6.0 V,100 mA,500 mW,-65,150,C,110,,,,,x,
VISHS23888-1.pdf,BC547B,General,NPN,3,45 V,50 V,6.0 V,100 mA,500 mW,-65,150,C,200,,,,,x,
VISHS23888-1.pdf,BC547C,General,NPN,3,45 V,50 V,6.0 V,100 mA,500 mW,-65,150,C,420,,,,,x,
VISHS23888-1.pdf,BC548,General,NPN,3,30 V,30 V,5.0 V,100 mA,500 mW,-65,150,C,110,,,,,x,
VISHS23888-1.pdf,BC548A,General,NPN,3,30 V,30 V,5.0 V,100 mA,500 mW,-65,150,C,110,,,,,x,
VISHS23888-1.pdf,BC548B,General,NPN,3,30 V,30 V,5.0 V,100 mA,500 mW,-65,150,C,200,,,,,x,
VISHS23888-1.pdf,BC548C,General,NPN,3,30 V,30 V,5.0 V,100 mA,500 mW,-65,150,C,420,,,,,x,
VISHS23888-1.pdf,BC549,General,NPN,3,30 V,30 V,5.0 V,100 mA,500 mW,-65,150,C,200,,,,,x,
VISHS23888-1.pdf,BC549B,General,NPN,3,30 V,30 V,5.0 V,100 mA,500 mW,-65,150,C,200,,,,,x,
VISHS23888-1.pdf,BC549C,General,NPN,3,30 V,30 V,5.0 V,100 mA,500 mW,-65,150,C,420,,,,,x,
VSMIS00373-1.pdf,BC337,Vishay,NPN,3,45 V,50 V,5.0 V,800 mA,625 mW,-65,150,C,60 100,,,,,x,
VSMIS00373-1.pdf,BC337-16,Vishay,NPN,3,45 V,50 V,5.0 V,800 mA,625 mW,-65,150,C,60 100,,,,,x,
VSMIS00373-1.pdf,BC337-25,Vishay,NPN,3,45 V,50 V,5.0 V,800 mA,625 mW,-65,150,C,100 160,,,,,x,
VSMIS00373-1.pdf,BC337-40,Vishay,NPN,3,45 V,50 V,5.0 V,800 mA,625 mW,-65,150,C,170 250,,,,,x,
VSMIS00373-1.pdf,BC338,Vishay,NPN,3,25 V,30 V,5.0 V,800 mA,625 mW,-65,150,C,60 100,,,,,x,
VSMIS00373-1.pdf,BC338-16,Vishay,NPN,3,25 V,30 V,5.0 V,800 mA,625 mW,-65,150,C,60 100,,,,,x,
VSMIS00373-1.pdf,BC338-25,Vishay,NPN,3,25 V,30 V,5.0 V,800 mA,625 mW,-65,150,C,100 160,,,,,x,
VSMIS00373-1.pdf,BC338-40,Vishay,NPN,3,25 V,30 V,5.0 V,800 mA,625 mW,-65,150,C,170 250,,,,,x,
VSMIS03793-1.pdf,BC817,Vishay,NPN,3,45 V,50 V,5.0 V,800 mA,310 mW,-65,150,C,100 40,,,,,x,
VSMIS03793-1.pdf,BC817-16,Vishay,NPN,3,45 V,50 V,5.0 V,800 mA,310 mW,-65,150,C,100 40,,,,,x,
VSMIS03793-1.pdf,BC817-25,Vishay,NPN,3,45 V,50 V,5.0 V,800 mA,310 mW,-65,150,C,160 40,,,,,x,
VSMIS03793-1.pdf,BC817-40,Vishay,NPN,3,45 V,50 V,5.0 V,800 mA,310 mW,-65,150,C,250 40,,,,,x,
VSMIS03793-1.pdf,BC818,Vishay,NPN,3,25 V,30 V,5.0 V,800 mA,310 mW,-65,150,C,100 40,,,,,x,
VSMIS03793-1.pdf,BC818-16,Vishay,NPN,3,25 V,30 V,5.0 V,800 mA,310 mW,-65,150,C,100 40,,,,,x,
VSMIS03793-1.pdf,BC818-25,Vishay,NPN,3,25 V,30 V,5.0 V,800 mA,310 mW,-65,150,C,160 40,,,,,x,
VSMIS03793-1.pdf,BC818-40,Vishay,NPN,3,25 V,30 V,5.0 V,800 mA,310 mW,-65,150,C,250 40,,,,,x,
WEILS00082-1.pdf,BC856,Weitron,PNP,3,-65 V,-80 V,-5.0 V,-100 mA,225 mW,-55,150,C,125,,,,,x,
WEILS00082-1.pdf,BC856A,Weitron,PNP,3,-65 V,-80 V,-5.0 V,-100 mA,225 mW,-55,150,C,125,,,,,x,
WEILS00082-1.pdf,BC856B,Weitron,PNP,3,-65 V,-80 V,-5.0 V,-100 mA,225 mW,-55,150,C,220,,,,,x,
WEILS00082-1.pdf,BC857,Weitron,PNP,3,-45 V,-50 V,-5.0 V,-100 mA,225 mW,-55,150,C,125,,,,,x,
WEILS00082-1.pdf,BC857A,Weitron,PNP,3,-45 V,-50 V,-5.0 V,-100 mA,225 mW,-55,150,C,125,,,,,x,
WEILS00082-1.pdf,BC857B,Weitron,PNP,3,-45 V,-50 V,-5.0 V,-100 mA,225 mW,-55,150,C,220,,,,,x,
WEILS00082-1.pdf,BC857C,Weitron,PNP,3,-45 V,-50 V,-5.0 V,-100 mA,225 mW,-55,150,C,420,,,,,x,
WEILS00082-1.pdf,BC858,Weitron,PNP,3,-30 V,-30 V,-5.0 V,-100 mA,225 mW,-55,150,C,125,,,,,x,
WEILS00082-1.pdf,BC858A,Weitron,PNP,3,-30 V,-30 V,-5.0 V,-100 mA,225 mW,-55,150,C,125,,,,,x,
WEILS00082-1.pdf,BC858B,Weitron,PNP,3,-30 V,-30 V,-5.0 V,-100 mA,225 mW,-55,150,C,220,,,,,x,
WEILS00082-1.pdf,BC858C,Weitron,PNP,3,-30 V,-30 V,-5.0 V,-100 mA,225 mW,-55,150,C,420,,,,,x,
WEILS00082-1.pdf,BC859,Weitron,PNP,3,-30 V,-30 V,-5.0 V,-100 mA,225 mW,-55,150,C,220,,,,,x,
WEILS00082-1.pdf,BC859B,Weitron,PNP,3,-30 V,-30 V,-5.0 V,-100 mA,225 mW,-55,150,C,220,,,,,x,
WEILS00082-1.pdf,BC859C,Weitron,PNP,3,-30 V,-30 V,-5.0 V,-100 mA,225 mW,-55,150,C,420,,,,,x,
WEITS00252-1.pdf,BC807-16,Weitron,PNP,3,-45 V,-50 V,-5.0 V,500 mA,225 mW,-55,150,C,100 40,,,,,x,
WEITS00252-1.pdf,BC807-25,Weitron,PNP,3,-45 V,-50 V,-5.0 V,500 mA,225 mW,-55,150,C,160 40,,,,,x,
WEITS00252-1.pdf,BC807-40,Weitron,PNP,3,-45 V,-50 V,-5.0 V,500 mA,225 mW,-55,150,C,250 40,,,,,x,
ZETXS01948-1.pdf,BC856,Mouser,PNP,3,-65 V,-80 V,-5.0 V,-100 mA,330 mW,-55,150,C,75 125,,,,,x,
ZETXS01948-1.pdf,BC856A-3A,Mouser,PNP,3,-65 V,-80 V,-5.0 V,-100 mA,330 mW,-55,150,C,75 125,,,,,x,
ZETXS01948-1.pdf,BC856B-Z3B,Mouser,PNP,3,-65 V,-80 V,-5.0 V,-100 mA,330 mW,-55,150,C,75 220,,,,,x,
ZETXS01948-1.pdf,BC857,Mouser,PNP,3,-45 V,-50 V,-5.0 V,-100 mA,330 mW,-55,150,C,75 125,,,,,x,
ZETXS01948-1.pdf,BC857A-Z3E,Mouser,PNP,3,-45 V,-50 V,-5.0 V,-100 mA,330 mW,-55,150,C,75 125,,,,,x,
ZETXS01948-1.pdf,BC857B-3F,Mouser,PNP,3,-45 V,-50 V,-5.0 V,-100 mA,330 mW,-55,150,C,75 220,,,,,x,
ZETXS01948-1.pdf,BC857C-3G,Mouser,PNP,3,-45 V,-50 V,-5.0 V,-100 mA,330 mW,-55,150,C,75 420,,,,,x,
ZETXS01948-1.pdf,BC858,Mouser,PNP,3,-30 V,-30 V,-5.0 V,-100 mA,330 mW,-55,150,C,75 125,,,,,x,
ZETXS01948-1.pdf,BC858A-3J,Mouser,PNP,3,-30 V,-30 V,-5.0 V,-100 mA,330 mW,-55,150,C,75 125,,,,,x,
ZETXS01948-1.pdf,BC858B-3K,Mouser,PNP,3,-30 V,-30 V,-5.0 V,-100 mA,330 mW,-55,150,C,75 220,,,,,x,
ZETXS01948-1.pdf,BC858C-3L,Mouser,PNP,3,-30 V,-30 V,-5.0 V,-100 mA,330 mW,-55,150,C,75 420,,,,,x,
ZETXS01948-1.pdf,BC859,Mouser,PNP,3,-30 V,-30 V,-5.0 V,-100 mA,330 mW,-55,150,C,75 125,,,,,x,
ZETXS01948-1.pdf,BC859A-Z4A,Mouser,PNP,3,-30 V,-30 V,-5.0 V,-100 mA,330 mW,-55,150,C,75 125,,,,,x,
ZETXS01948-1.pdf,BC859B-4B,Mouser,PNP,3,-30 V,-30 V,-5.0 V,-100 mA,330 mW,-55,150,C,75 220,,,,,x,
ZETXS01948-1.pdf,BC859C-Z4C,Mouser,PNP,3,-30 V,-30 V,-5.0 V,-100 mA,330 mW,-55,150,C,75 420,,,,,x,
ZETXS01948-1.pdf,BC860,Mouser,PNP,3,-45 V,-50 V,-5.0 V,-100 mA,330 mW,-55,150,C,75 125,,,,,x,
ZETXS01948-1.pdf,BC860A-Z4E,Mouser,PNP,3,-45 V,-50 V,-5.0 V,-100 mA,330 mW,-55,150,C,75 125,,,,,x,
ZETXS01948-1.pdf,BC860B-4F,Mouser,PNP,3,-45 V,-50 V,-5.0 V,-100 mA,330 mW,-55,150,C,75 220,,,,,x,
ZETXS01948-1.pdf,BC860C-4GZ,Mouser,PNP,3,-45 V,-50 V,-5.0 V,-100 mA,330 mW,-55,150,C,75 420,,,,,x,